post_identifier,source,top_category_name,representative_query,relative_query_fulfillment_score,relative_semantic_actionability,title_body_semantic_cohesion,title_hook_pattern_presence
223277112963,ours,건강·의학,송곳니 충치,0.80135685,0.9947904348373413,0.2017243355512619,0
223577753077,ours,건강·의학,이가 깨졌어요,0.8039593,1.3195496797561646,0.4810843765735626,1
223314621811,ours,건강·의학,pulpotomy,1.1160603,1.2743213176727295,0.5935553908348083,1
223298901342,ours,건강·의학,재신경치료 기간,1.8431753,0.5088752508163452,0.673218309879303,1
223205080746,ours,건강·의학,이가 까맣게,0.8180313,1.1131341457366943,0.6381233930587769,0
223733898487,ours,건강·의학,앞니 벌어짐,0.9084437,0.9466909170150757,0.49113819003105164,1
223630259710,ours,건강·의학,신경치료 후 잇몸 변색,0.96341175,3.4655961990356445,0.7158580422401428,1
223357699582,ours,건강·의학,intrusion,0.81910324,0.5487564206123352,0.6533868908882141,0
223469003670,ours,건강·의학,동탄 보존과,4.133225,1.4449992179870605,0.49455058574676514,0
223278935005,ours,건강·의학,아말감 2차충치,0.59909105,0.742721676826477,0.2298225313425064,1
223619831819,ours,건강·의학,치아 브릿지 교체,0.71396226,0.6883528232574463,0.5119152069091797,1
223167068424,ours,건강·의학,동탄 보존과,4.133225,3.0355234146118164,0.48057401180267334,1
223236128970,ours,건강·의학,소구치 충치,0.94279444,0.5667693614959717,0.4450015425682068,0
223232140530,ours,건강·의학,동탄 미세현미경 치과,0.33723468,1.0511218309402466,0.6950156688690186,0
223340074448,ours,건강·의학,어금니 신경치료 기간,1.375331,1.1636158227920532,0.5023437142372131,0
223332854160,ours,건강·의학,수직치근파절,0.9276688,1.1134880781173706,0.527123212814331,1
223655729530,ours,건강·의학,치수괴사,0.9678069,1.0207470655441284,0.6024924516677856,0
223627571544,ours,건강·의학,치아 옆면 충치,1.009712,1.1804430484771729,0.690650463104248,1
223760730069,ours,건강·의학,신경치료 후 염증,0.85874486,0.49591052532196045,0.6586727499961853,1
223507701785,ours,건강·의학,깨진 이,1.0452766,1.0974794626235962,0.6577668786048889,0
223363365773,ours,건강·의학,수평치근파절,1.3551685,1.2091920375823975,0.673561692237854,1
223660476078,ours,건강·의학,아랫니 브릿지,0.84473526,0.9252751469612122,0.5240557789802551,1
223682403570,ours,건강·의학,어금니 레진 깨짐,1.6513588,2.2507801055908203,0.5569440722465515,1
223707076590,ours,건강·의학,앞니 잇몸 통증,1.1201267,1.888108253479004,0.7173254489898682,1
223431220382,ours,건강·의학,교정 후 미백,0.8710067,0.9695882201194763,0.35848695039749146,0
223156065790,ours,건강·의학,수직치근파절,0.9276688,0.5458553433418274,0.5852728486061096,0
223462135488,ours,건강·의학,어른 유치,1.083885,1.7223094701766968,0.6410574913024902,1
223401398737,ours,건강·의학,치수괴사,0.9678069,1.499845266342163,0.5564244985580444,1
223367277748,ours,건강·의학,치아 옆면 충치,1.009712,0.9738300442695618,0.6573694348335266,0
223260606003,ours,건강·의학,동탄 실활치미백,0.99900675,0.7219737768173218,0.5598660707473755,0
223133332263,ours,건강·의학,다이아스테마,0.94405884,0.8519830107688904,0.30558499693870544,0
223732797065,ours,건강·의학,내려간 잇몸,1.1300119,0.10058920830488205,0.7428833842277527,0
223307057929,ours,건강·의학,치과 치질,0.4198028,0.6966068148612976,0.5750007033348083,1
223724665134,ours,건강·의학,앞니 신경치료 후 변색,0.76512164,1.0839985609054565,0.5860753655433655,1
223869870358,ours,건강·의학,급성치수염,1.0891854,0.5196477174758911,0.4799657464027405,0
223598756784,ours,건강·의학,교정 앞니 흔들림,0.44500315,0.5127632021903992,0.5957517623901367,1
223757805212,ours,건강·의학,치근단절제술 통증,0.98143053,0.5565558075904846,0.5258965492248535,1
223556089501,ours,건강·의학,틀니 의료보험,0.54620624,1.432265043258667,0.6380543112754822,1
223692083052,ours,건강·의학,크라운 잇몸 내려앉음,0.9303965,1.6196240186691284,0.691837728023529,0
223629030784,ours,건강·의학,앞니 깨짐,0.80099386,0.9479366540908813,0.66329026222229,0
223269940028,ours,건강·의학,신경치료,0.91910934,1.4108294248580933,0.5410631895065308,0
223457546240,ours,건강·의학,인레이 파절,0.9944183,0.9320536851882935,0.2263573259115219,0
223623932986,ours,건강·의학,치과 엔도,0.9461688,1.2247875928878784,0.6036941409111023,1
223829595540,ours,건강·의학,잇몸에 물집,0.86011094,0.2940375804901123,0.7445271611213684,0
223667579753,ours,건강·의학,앞니 신경치료 후 통증,0.69835925,0.6101551651954651,0.6569849252700806,1
223793510515,ours,건강·의학,치근단형성술,1.1796341,1.4066895246505737,0.5249576568603516,0
223553485165,ours,건강·의학,상악동 거상술,0.79186505,1.0160762071609497,0.4468460977077484,1
223335804761,ours,건강·의학,동탄 레진,0.17539509,0.5426964163780212,0.05839552730321884,1
223423945234,ours,건강·의학,앞니 외상,0.78170073,1.0303267240524292,0.7277493476867676,0
223186535780,ours,건강·의학,소구치 신경치료,0.68227994,1.1911442279815674,0.5380446910858154,0
223704336524,ours,건강·의학,어금니 충치 레진,1.5365311,1.9980788230895996,0.5259591341018677,1
223236771862,ours,건강·의학,다이아스테마,0.94405884,1.1855326890945435,0.4304446578025818,0
223155543711,ours,건강·의학,동탄 앞니 레진,0.83933735,0.659849226474762,0.12984710931777954,1
223816356433,ours,건강·의학,치아 파절의 원인은 무엇인가요,0.91364574,0.40731319785118103,0.7691347002983093,1
223821931245,ours,건강·의학,치아 뿌리 고름,1.340155,0.30013132095336914,0.7702969908714294,0
223646411050,ours,건강·의학,흔들리는 치아 신경치료,0.9874812,0.4234934449195862,0.7031113505363464,1
223299941436,ours,건강·의학,소구치 파절,0.92027634,0.5173177719116211,0.3132786154747009,1
223642862146,ours,건강·의학,인레이 속 충치,1.6118796,2.2137246131896973,0.627990186214447,1
223717371151,ours,건강·의학,치수복조술,1.1817824,1.5753977298736572,0.5340266823768616,0
223684387892,ours,건강·의학,신경치료 후 염증,0.85874486,0.9156457781791687,0.6403608918190002,1
223442936737,ours,건강·의학,골드인레이 탈락,1.1915926,1.1115235090255737,0.2960611879825592,0
223149973455,ours,건강·의학,발치후 즉시 식립 임플란트,1.4893047,1.1417514085769653,0.6710983514785767,0
223713604505,ours,건강·의학,오버덴쳐,1.4334153,1.2244563102722168,0.6867730617523193,1
223767379681,ours,건강·의학,치외치,1.0636942,0.5078871846199036,0.6310893893241882,0
223235174542,ours,건강·의학,동탄 실활치미백,0.99900675,1.9001315832138062,0.046158332377672195,1
223776270808,ours,건강·의학,앞니 재신경치료,1.2061143,0.8547810316085815,0.7020630836486816,0
223451837108,ours,건강·의학,동탄 앞니 레진,0.83933735,1.5883896350860596,0.5430735349655151,0
223747165682,ours,건강·의학,치과 엔도,0.9461688,0.9454891681671143,0.6804283857345581,1
223810366687,ours,건강·의학,앞니 크라운 모양,2.3832984,2.5529215335845947,0.43855422735214233,0
223764799450,ours,건강·의학,앞니 끝 깨짐,1.0289801,0.9203478097915649,0.2643824815750122,0
223749543549,ours,건강·의학,어금니 잇몸 내려앉음,0.9083894,1.2430140972137451,0.6953803896903992,0
223726806244,ours,건강·의학,어금니 잇몸 퇴축,0.5977689,1.096891164779663,0.5237007141113281,1
223580589189,ours,건강·의학,아래 어금니 발치,-0.008568937,0.6571024656295776,0.08234923332929611,1
223410586957,ours,건강·의학,전치부 브릿지,0.5443321,0.7200673222541809,0.39171165227890015,1
223426266336,ours,건강·의학,동탄역 사랑니,0.102644116,0.05964216589927673,0.4281228184700012,0
223827530915,ours,건강·의학,레진,1.779098,1.1861072778701782,0.5088755488395691,0
223736985385,ours,건강·의학,앞니 신경치료,1.3511186,0.8303310871124268,0.47498688101768494,0
223773517706,ours,건강·의학,세라믹 레진,0.73142713,1.0685683488845825,0.23846976459026337,0
223773517706,ours,건강·의학,세라믹 레진,0.73142713,1.0685683488845825,0.23846976459026337,0
223773517706,ours,건강·의학,세라믹 레진,0.73142713,1.0685683488845825,0.23846976459026337,0
223773517706,ours,건강·의학,세라믹 레진,0.73142713,1.0685683488845825,0.23846976459026337,0
223620072636,ours,건강·의학,동탄 라미네이트,-0.006905676,0.834064781665802,0.4127919375896454,1
223836024559,ours,건강·의학,인레이 깨짐 비용,0.72219265,0.3306777775287628,0.5969225764274597,1
223855422665,ours,건강·의학,수직치근파절,0.9276688,0.8040880560874939,0.32322266697883606,0
223486986872,ours,건강·의학,iarpd,0.035328235,0.46992698311805725,0.6221207976341248,0
223633437760,ours,건강·의학,잇몸퇴축 임플란트,0.73939025,1.241401195526123,0.6192566752433777,1
223880864293,ours,건강·의학,리엔도,1.1184258,1.3256793022155762,0.49660149216651917,0
223800709422,ours,건강·의학,인접면 인레이,0.54617476,0.36101123690605164,0.6133916974067688,0
223795754394,ours,건강·의학,고름,1.4132842,0.9491936564445496,0.6921481490135193,0
223639488509,ours,건강·의학,인레이 과정,1.093526,0.7667158842086792,0.5432735085487366,1
223786013522,ours,건강·의학,치아 깨졌을때,1.0453936,1.1545088291168213,0.5803388357162476,0
223883326729,ours,건강·의학,앞니 사이 충치,1.3373863,1.1654398441314697,0.3579084277153015,0
223875842051,ours,건강·의학,치수복조,1.0044106,1.542309045791626,0.5093179941177368,1
223911334860,ours,건강·의학,세라믹 인레이,1.8597069,1.4446606636047363,0.48038119077682495,0
223894869681,ours,건강·의학,apicoectomy 발음,1.1310782,0.5952792167663574,0.5852432250976562,0
http://blog.naver.com/yonseisdent/223388493208,competitor,건강·의학,다이아스테마,0.94405884,1.0,0.4198623597621918,1
http://blog.naver.com/onlyonej/223640409447,competitor,건강·의학,다이아스테마,0.94405884,1.0,0.4160346984863281,1
http://blog.naver.com/yleaders2875/223711724755,competitor,건강·의학,다이아스테마,0.94405884,1.0,0.22940601408481598,1
http://blog.naver.com/shine_e_dc/223749088345,competitor,건강·의학,다이아스테마,0.94405884,1.0,0.3109869658946991,0
http://blog.naver.com/dentikay/223843121523,competitor,건강·의학,다이아스테마,0.94405884,1.0,0.6010308861732483,1
http://blog.naver.com/spriner/223880927211,competitor,건강·의학,다이아스테마,0.94405884,1.0,0.3832749128341675,1
http://blog.naver.com/dentigo00/223419592089,competitor,건강·의학,발치후 즉시 식립 임플란트,1.4893047,1.0,0.2608901858329773,0
http://blog.naver.com/genious2002/223596030759,competitor,건강·의학,발치후 즉시 식립 임플란트,1.4893047,1.0,0.7099881172180176,0
http://blog.naver.com/thetuntun2/223696520262,competitor,건강·의학,동탄 앞니 레진,0.83933735,1.0,0.42363739013671875,1
http://blog.naver.com/homeplant/223371626603,competitor,건강·의학,수직치근파절,0.9276688,1.0,0.8895711302757263,0
http://blog.naver.com/homeplant/223215509236,competitor,건강·의학,수직치근파절,0.9276688,1.0,0.8652341365814209,1
http://blog.naver.com/minflow7/222924492960,competitor,건강·의학,수직치근파절,0.9276688,1.0,0.5834446549415588,1
http://blog.naver.com/highendcase/223499340892,competitor,건강·의학,수직치근파절,0.9276688,1.0,0.5275352001190186,0
http://blog.naver.com/seoultheahn1/223653915632,competitor,건강·의학,수직치근파절,0.9276688,1.0,0.5366963744163513,0
http://blog.naver.com/joecha87/223858324862,competitor,건강·의학,수직치근파절,0.9276688,1.0,0.688466489315033,0
http://blog.naver.com/ysnaturedent/223842790418,competitor,건강·의학,수직치근파절,0.9276688,1.0,0.715610921382904,1
http://blog.naver.com/sikplant/223901957247,competitor,건강·의학,수직치근파절,0.9276688,1.0,0.6614857912063599,1
http://blog.naver.com/austinmarie/223482023627,competitor,건강·의학,동탄 보존과,4.133225,1.0,0.684187650680542,1
http://blog.naver.com/solk7tcowmd/222680961793,competitor,건강·의학,소구치 신경치료,0.68227994,1.0,0.5928491353988647,1
http://blog.naver.com/bread4000/222154140471,competitor,건강·의학,소구치 신경치료,0.68227994,1.0,0.6043069958686829,1
http://blog.naver.com/ddshms/223337651683,competitor,건강·의학,소구치 신경치료,0.68227994,1.0,0.5608317255973816,0
http://blog.naver.com/richstory2825/223538716572,competitor,건강·의학,이가 까맣게,0.8180313,1.0,0.637359082698822,0
http://blog.naver.com/kind-in/222609165050,competitor,건강·의학,이가 까맣게,0.8180313,1.0,0.25212112069129944,0
http://blog.naver.com/harvey33/221678651687,competitor,건강·의학,동탄 미세현미경 치과,0.33723468,1.0,0.3829118311405182,0
http://blog.naver.com/dentalchaeum/223393878440,competitor,건강·의학,동탄 실활치미백,0.99900675,1.0,0.6341975927352905,0
http://blog.naver.com/everlypenn/223058092272,competitor,건강·의학,동탄 실활치미백,0.99900675,1.0,0.3962627053260803,1
http://blog.naver.com/seoullamiplant/223812752978,competitor,건강·의학,동탄 실활치미백,0.99900675,1.0,0.1856880933046341,1
http://blog.naver.com/tyreserobertson/223021578780,competitor,건강·의학,동탄 실활치미백,0.99900675,1.0,0.46359241008758545,0
http://blog.naver.com/seoul_den/223275055743,competitor,건강·의학,소구치 충치,0.94279444,1.0,0.44152382016181946,1
http://blog.naver.com/eharu7/222931090060,competitor,건강·의학,소구치 충치,0.94279444,1.0,0.48685383796691895,0
http://blog.naver.com/biomind/223409405567,competitor,건강·의학,소구치 충치,0.94279444,1.0,0.24861261248588562,1
http://blog.naver.com/godandkm/223135466715,competitor,건강·의학,신경치료,0.91910934,1.0,0.7014532089233398,1
http://blog.naver.com/cow991823/223464612677,competitor,건강·의학,신경치료,0.91910934,1.0,0.7956892848014832,1
http://blog.naver.com/smgden1/223391962420,competitor,건강·의학,신경치료,0.91910934,1.0,0.46921125054359436,0
http://blog.naver.com/ysnaturedent/223305766753,competitor,건강·의학,신경치료,0.91910934,1.0,0.7393659353256226,1
http://blog.naver.com/drhong24/223521390042,competitor,건강·의학,신경치료,0.91910934,1.0,0.40522122383117676,1
http://blog.naver.com/misoyangju/223099335639,competitor,건강·의학,신경치료,0.91910934,1.0,0.31407710909843445,0
http://blog.naver.com/wdent1_1/223375950515,competitor,건강·의학,송곳니 충치,0.80135685,1.0,0.42826205492019653,1
http://blog.naver.com/hn-dental/223451377283,competitor,건강·의학,송곳니 충치,0.80135685,1.0,0.407288134098053,0
http://blog.naver.com/djssdent1/223075540780,competitor,,송곳니 충치,0.80135685,1.0,1.0,0
http://blog.naver.com/wdent1_1/223276887227,competitor,건강·의학,송곳니 충치,0.80135685,1.0,0.4498666524887085,0
http://blog.naver.com/thebl_dent/223548515826,competitor,건강·의학,송곳니 충치,0.80135685,1.0,0.5376351475715637,1
http://blog.naver.com/raondent2875/222871381501,competitor,건강·의학,송곳니 충치,0.80135685,1.0,0.31678566336631775,0
http://blog.naver.com/seoul_den/223575933691,competitor,건강·의학,송곳니 충치,0.80135685,1.0,0.32413119077682495,0
http://blog.naver.com/likedental/223597723475,competitor,건강·의학,송곳니 충치,0.80135685,1.0,0.7247321605682373,0
http://blog.naver.com/juidub/223646849703,competitor,건강·의학,송곳니 충치,0.80135685,1.0,0.5778409242630005,0
http://blog.naver.com/whtopdc1/223531370152,competitor,건강·의학,송곳니 충치,0.80135685,1.0,0.4690914750099182,1
http://blog.naver.com/shongdental/223675601179,competitor,건강·의학,송곳니 충치,0.80135685,1.0,0.4681907594203949,0
http://blog.naver.com/seoul_den/223691451887,competitor,건강·의학,송곳니 충치,0.80135685,1.0,0.44418853521347046,0
http://blog.naver.com/tiranoseven/223609983640,competitor,건강·의학,송곳니 충치,0.80135685,1.0,0.23866383731365204,1
http://blog.naver.com/timeplant9908275/223735942263,competitor,건강·의학,송곳니 충치,0.80135685,1.0,0.36230120062828064,0
http://blog.naver.com/ysdental2875/223845689879,competitor,건강·의학,송곳니 충치,0.80135685,1.0,0.4019183814525604,0
http://blog.naver.com/richstory2825/223474125257,competitor,건강·의학,아말감 2차충치,0.59909105,1.0,0.4122726023197174,1
http://blog.naver.com/orthofuture/223472061001,competitor,건강·의학,아말감 2차충치,0.59909105,1.0,0.40795478224754333,1
http://blog.naver.com/homeplant/223338412722,competitor,건강·의학,아말감 2차충치,0.59909105,1.0,0.6264848113059998,1
http://blog.naver.com/onlyonej/223313855965,competitor,,재신경치료 기간,1.8431753,1.0,0.38560476899147034,0
http://blog.naver.com/likedental/223445573246,competitor,건강·의학,재신경치료 기간,1.8431753,1.0,0.7144656181335449,1
http://blog.naver.com/honeybeevuvu/223438973879,competitor,건강·의학,재신경치료 기간,1.8431753,1.0,0.40011274814605713,0
http://blog.naver.com/jung_denti/223585124951,competitor,,재신경치료 기간,1.8431753,1.0,0.4068981409072876,0
http://blog.naver.com/thenaturedent/223514389920,competitor,건강·의학,재신경치료 기간,1.8431753,1.0,0.3744516670703888,0
http://blog.naver.com/eark1942/223763650193,competitor,건강·의학,재신경치료 기간,1.8431753,1.0,0.38762372732162476,0
http://blog.naver.com/gsuf4525/223250449467,competitor,건강·의학,소구치 파절,0.92027634,1.0,0.4054032266139984,0
http://blog.naver.com/etondental2021/223057906085,competitor,건강·의학,치과 치질,0.4198028,1.0,0.13723896443843842,0
http://blog.naver.com/seoulshindental/223324537396,competitor,건강·의학,치과 치질,0.4198028,1.0,0.07223515957593918,0
http://blog.naver.com/wrdc296/223534228431,competitor,건강·의학,치과 치질,0.4198028,1.0,0.6546719670295715,0
http://blog.naver.com/seoulplantdent/223336155699,competitor,건강·의학,치과 치질,0.4198028,1.0,0.697614848613739,0
http://blog.naver.com/51iwb1yljiuq/223883117894,competitor,건강·의학,치과 치질,0.4198028,1.0,0.26320621371269226,0
http://blog.naver.com/yonsei_joon/223880578620,competitor,건강·의학,치과 치질,0.4198028,1.0,0.7234310507774353,1
http://blog.naver.com/geolpotopdent/223241047711,competitor,건강·의학,pulpotomy,1.1160603,1.0,0.7330828309059143,1
http://blog.naver.com/eharu7/223395916194,competitor,건강·의학,pulpotomy,1.1160603,1.0,0.4976673722267151,0
http://blog.naver.com/dentist_joo/223364104367,competitor,건강·의학,pulpotomy,1.1160603,1.0,0.6765960454940796,0
http://blog.naver.com/dental_sajeon/223514707605,competitor,건강·의학,pulpotomy,1.1160603,1.0,0.4784737527370453,0
http://blog.naver.com/dentist_joo/222901765981,competitor,건강·의학,pulpotomy,1.1160603,1.0,0.8158559203147888,1
http://blog.naver.com/eharu7/223663791875,competitor,건강·의학,pulpotomy,1.1160603,1.0,0.7463951706886292,0
http://blog.naver.com/homeplant/223181239934,competitor,건강·의학,pulpotomy,1.1160603,1.0,0.6518297791481018,1
http://blog.naver.com/seoul_den/222961070443,competitor,건강·의학,pulpotomy,1.1160603,1.0,0.6483697295188904,0
http://blog.naver.com/palpro857/223146002117,competitor,건강·의학,pulpotomy,1.1160603,1.0,0.3706868588924408,1
http://blog.naver.com/spriner/223489516388,competitor,건강·의학,동탄 레진,0.17539509,1.0,0.3334871530532837,0
http://blog.naver.com/dreamperio1/223347003285,competitor,건강·의학,어금니 신경치료 기간,1.375331,1.0,0.5688583254814148,1
http://blog.naver.com/inndir65/223462564315,competitor,건강·의학,어금니 신경치료 기간,1.375331,1.0,0.4378419518470764,1
http://blog.naver.com/orthopia/223445768223,competitor,건강·의학,intrusion,0.81910324,1.0,0.09229012578725815,0
http://blog.naver.com/digitaltop-/223478124198,competitor,건강·의학,intrusion,0.81910324,1.0,0.8229274749755859,1
http://blog.naver.com/goldstar10041/222977424533,competitor,비즈니스·경제,intrusion,0.81910324,1.0,0.7262183427810669,0
http://blog.naver.com/dent_khang/223524124773,competitor,건강·의학,intrusion,0.81910324,1.0,0.5936256051063538,0
http://blog.naver.com/gundentalclinic/223404325770,competitor,건강·의학,intrusion,0.81910324,1.0,0.530064046382904,1
http://blog.naver.com/dentjoy/222744525994,competitor,건강·의학,intrusion,0.81910324,1.0,0.2151622772216797,0
http://blog.naver.com/toporth/223580598644,competitor,건강·의학,intrusion,0.81910324,1.0,0.8774453997612,1
http://blog.naver.com/ortho_ho/223645547708,competitor,건강·의학,intrusion,0.81910324,1.0,0.2792813181877136,0
http://blog.naver.com/joohyun3521/223707343783,competitor,비즈니스·경제,intrusion,0.81910324,1.0,0.32891637086868286,1
http://blog.naver.com/masterpiece2828/223484845131,competitor,건강·의학,수평치근파절,1.3551685,1.0,0.5992066860198975,1
http://blog.naver.com/implineyi/223456174368,competitor,건강·의학,치아 옆면 충치,1.009712,1.0,0.738358736038208,0
http://blog.naver.com/leeks9095/223476207996,competitor,건강·의학,치아 옆면 충치,1.009712,1.0,0.36159181594848633,0
http://blog.naver.com/asungdb/223408948756,competitor,건강·의학,치아 옆면 충치,1.009712,1.0,0.25324904918670654,0
http://blog.naver.com/onlyonej/223495738991,competitor,,치아 옆면 충치,1.009712,1.0,0.3856047987937927,0
http://blog.naver.com/medifore0577/223569663367,competitor,건강·의학,치아 옆면 충치,1.009712,1.0,0.7490118741989136,1
http://blog.naver.com/whgdmsthatl365/223378955846,competitor,건강·의학,치아 옆면 충치,1.009712,1.0,0.5484182834625244,1
http://blog.naver.com/leestrada11/221108058238,competitor,건강·의학,치아 옆면 충치,1.009712,1.0,0.661034882068634,0
http://blog.naver.com/raondent2875/223294397755,competitor,건강·의학,치아 옆면 충치,1.009712,1.0,0.5305528044700623,0
http://blog.naver.com/jbdental2/223661374288,competitor,건강·의학,치아 옆면 충치,1.009712,1.0,0.49387356638908386,0
http://blog.naver.com/yesdentalclinic/223810997124,competitor,건강·의학,치아 옆면 충치,1.009712,1.0,0.28068020939826965,0
http://blog.naver.com/verysia/223875819329,competitor,건강·의학,치아 옆면 충치,1.009712,1.0,0.3964812457561493,1
http://blog.naver.com/geolpotop/223254470525,competitor,건강·의학,치수괴사,0.9678069,1.0,0.4949916899204254,0
http://blog.naver.com/yoonnam220/223452187895,competitor,건강·의학,치수괴사,0.9678069,1.0,0.6785720586776733,0
http://blog.naver.com/sosa2275/222641332903,competitor,건강·의학,치수괴사,0.9678069,1.0,0.7470590472221375,1
http://blog.naver.com/onlyonej/223328512744,competitor,,치수괴사,0.9678069,1.0,0.3856047987937927,0
http://blog.naver.com/abledental02/223487031776,competitor,건강·의학,치수괴사,0.9678069,1.0,0.3750123083591461,0
http://blog.naver.com/abledental02/223175044241,competitor,건강·의학,치수괴사,0.9678069,1.0,0.3048093318939209,0
http://blog.naver.com/smileplantdc/222643563153,competitor,건강·의학,치수괴사,0.9678069,1.0,0.52403724193573,0
http://blog.naver.com/babaortho/223110681986,competitor,건강·의학,치수괴사,0.9678069,1.0,0.554740309715271,1
http://blog.naver.com/insc1165/223728934163,competitor,건강·의학,치수괴사,0.9678069,1.0,0.29030075669288635,1
http://blog.naver.com/uldental/223326249746,competitor,건강·의학,치수괴사,0.9678069,1.0,0.4451378583908081,1
http://blog.naver.com/uldental/223330190447,competitor,건강·의학,치수괴사,0.9678069,1.0,0.3572028577327728,1
http://blog.naver.com/yoonnam220/223499247841,competitor,건강·의학,전치부 브릿지,0.5443321,1.0,0.3437620997428894,0
http://blog.naver.com/richstory2825/223381236630,competitor,건강·의학,전치부 브릿지,0.5443321,1.0,0.697371780872345,0
http://blog.naver.com/shineteeth/223359660925,competitor,건강·의학,앞니 외상,0.78170073,1.0,0.5747212171554565,1
http://blog.naver.com/we_create_your_smile/223668336301,competitor,건강·의학,앞니 외상,0.78170073,1.0,0.6264356970787048,1
http://blog.naver.com/y3yaa/222925181725,competitor,건강·의학,동탄역 사랑니,0.102644116,1.0,0.697607159614563,1
http://blog.naver.com/aud049/223802708992,competitor,건강·의학,동탄역 사랑니,0.102644116,1.0,0.4182777404785156,1
http://blog.naver.com/shineteeth/223406683410,competitor,건강·의학,교정 후 미백,0.8710067,1.0,0.6440773606300354,0
http://blog.naver.com/99dkdk/223439034984,competitor,건강·의학,교정 후 미백,0.8710067,1.0,0.8014501333236694,0
http://blog.naver.com/yleaders2875/222692417499,competitor,건강·의학,교정 후 미백,0.8710067,1.0,0.23503398895263672,0
http://blog.naver.com/dentist_ahn/223536832816,competitor,건강·의학,교정 후 미백,0.8710067,1.0,0.36485958099365234,0
http://blog.naver.com/sunnyflow/223537494273,competitor,건강·의학,교정 후 미백,0.8710067,1.0,0.28659939765930176,0
http://blog.naver.com/ddaydent/223694525371,competitor,건강·의학,교정 후 미백,0.8710067,1.0,0.38778096437454224,0
http://blog.naver.com/kindhyun111/223441672769,competitor,건강·의학,골드인레이 탈락,1.1915926,1.0,0.22043484449386597,0
http://blog.naver.com/snow7528/223413295676,competitor,건강·의학,인레이 파절,0.9944183,1.0,0.4779515266418457,0
http://blog.naver.com/anatole0613/223342691039,competitor,건강·의학,인레이 파절,0.9944183,1.0,0.4280169606208801,0
http://blog.naver.com/daradentistry/223365081841,competitor,건강·의학,인레이 파절,0.9944183,1.0,0.8051426410675049,0
http://blog.naver.com/sunnyflow/223479422150,competitor,건강·의학,인레이 파절,0.9944183,1.0,0.17712463438510895,0
http://blog.naver.com/opendent_/223439212914,competitor,건강·의학,어른 유치,1.083885,1.0,0.5945088863372803,1
http://blog.naver.com/uprightdental/222555135622,competitor,건강·의학,어른 유치,1.083885,1.0,0.19359427690505981,0
http://blog.naver.com/sam_dentalclinic/222948796993,competitor,건강·의학,어른 유치,1.083885,1.0,0.45335492491722107,0
http://blog.naver.com/seoul_el/222824188082,competitor,건강·의학,어른 유치,1.083885,1.0,0.5437049269676208,1
http://blog.naver.com/bgdental88/223700100470,competitor,건강·의학,어른 유치,1.083885,1.0,0.6490528583526611,1
http://blog.naver.com/myden0/222953113933,competitor,건강·의학,어른 유치,1.083885,1.0,0.5118200778961182,0
http://blog.naver.com/omskhs/223343448123,competitor,교육·학문,iarpd,0.035328235,1.0,0.2635740637779236,0
http://blog.naver.com/minplus4/223394761477,competitor,,iarpd,0.035328235,1.0,0.9999999403953552,0
http://blog.naver.com/dental_sajeon/223510436243,competitor,건강·의학,iarpd,0.035328235,1.0,0.32853612303733826,1
http://blog.naver.com/jinsimplant/223677143285,competitor,건강·의학,iarpd,0.035328235,1.0,0.6917549967765808,0
http://blog.naver.com/yoondentalclinic/223688364608,competitor,,iarpd,0.035328235,1.0,0.5599855780601501,0
http://blog.naver.com/ejprinces321/223359285640,competitor,건강·의학,iarpd,0.035328235,1.0,0.356336385011673,0
http://blog.naver.com/ysdoldam/223548343619,competitor,건강·의학,깨진 이,1.0452766,1.0,0.6124780178070068,0
http://blog.naver.com/dent9660xnaud/223222371693,competitor,건강·의학,깨진 이,1.0452766,1.0,0.3399507701396942,0
http://blog.naver.com/ocdental/223396978789,competitor,건강·의학,상악동 거상술,0.79186505,1.0,-0.0017420391086488962,0
http://blog.naver.com/hangroo11/223427992808,competitor,건강·의학,상악동 거상술,0.79186505,1.0,0.13762161135673523,0
http://blog.naver.com/bargaain7630/223573302539,competitor,건강·의학,상악동 거상술,0.79186505,1.0,0.16805048286914825,0
http://blog.naver.com/fantasistah/223618232973,competitor,건강·의학,상악동 거상술,0.79186505,1.0,0.4287247359752655,0
http://blog.naver.com/allcarelime/223639384193,competitor,건강·의학,상악동 거상술,0.79186505,1.0,0.343264639377594,1
http://blog.naver.com/mylife2879/223402693471,competitor,건강·의학,상악동 거상술,0.79186505,1.0,0.31950801610946655,0
http://blog.naver.com/hangroomapo/223649651848,competitor,건강·의학,상악동 거상술,0.79186505,1.0,0.13762161135673523,0
http://blog.naver.com/diamond_rang/223445336473,competitor,건강·의학,상악동 거상술,0.79186505,1.0,0.34617000818252563,1
http://blog.naver.com/barumdental6000/223469925232,competitor,건강·의학,틀니 의료보험,0.54620624,1.0,0.3604210615158081,1
http://blog.naver.com/luckybora87/223621334774,competitor,건강·의학,틀니 의료보험,0.54620624,1.0,0.6290945410728455,1
http://blog.naver.com/bibibit2020/223554876372,competitor,건강·의학,이가 깨졌어요,0.8039593,1.0,0.3162194490432739,0
http://blog.naver.com/okgyerodem7/223756514730,competitor,건강·의학,이가 깨졌어요,0.8039593,1.0,0.6602507829666138,0
http://blog.naver.com/mate10184/223783398510,competitor,건강·의학,이가 깨졌어요,0.8039593,1.0,0.5327630639076233,1
http://blog.naver.com/megaplanthj/223660393246,competitor,건강·의학,이가 깨졌어요,0.8039593,1.0,0.742283821105957,0
http://blog.naver.com/poev3491/223379934833,competitor,건강·의학,아래 어금니 발치,-0.008568937,1.0,0.6095561385154724,0
http://blog.naver.com/lhy9024/223050679711,competitor,건강·의학,교정 앞니 흔들림,0.44500315,1.0,0.3564525246620178,1
http://blog.naver.com/seoulclear_ap/223316546680,competitor,건강·의학,교정 앞니 흔들림,0.44500315,1.0,0.4772633910179138,1
http://blog.naver.com/sunnyflow/223558292657,competitor,건강·의학,치아 브릿지 교체,0.71396226,1.0,0.2073407918214798,0
http://blog.naver.com/likedental/223518437040,competitor,건강·의학,치아 브릿지 교체,0.71396226,1.0,0.482736200094223,0
http://blog.naver.com/ysnamkisedental/223634770336,competitor,건강·의학,치아 브릿지 교체,0.71396226,1.0,0.2316126525402069,1
http://blog.naver.com/thelifedc866/223427492432,competitor,건강·의학,치아 브릿지 교체,0.71396226,1.0,0.22277340292930603,0
http://blog.naver.com/ucdental2875/223678796448,competitor,건강·의학,치아 브릿지 교체,0.71396226,1.0,0.32041141390800476,0
http://blog.naver.com/spriner/223786275391,competitor,건강·의학,치아 브릿지 교체,0.71396226,1.0,0.3827582001686096,0
http://blog.naver.com/ysansim/223865439059,competitor,건강·의학,치아 브릿지 교체,0.71396226,1.0,0.7454087734222412,1
http://blog.naver.com/morelovedental2/223453318262,competitor,건강·의학,동탄 라미네이트,-0.006905676,1.0,0.10980278253555298,0
http://blog.naver.com/ysgo287555/223557035701,competitor,건강·의학,동탄 라미네이트,-0.006905676,1.0,0.23561708629131317,0
http://blog.naver.com/seoullamiplant/223619961900,competitor,건강·의학,동탄 라미네이트,-0.006905676,1.0,0.2994617223739624,0
http://blog.naver.com/sdfgsdgbcx62/223616124980,competitor,건강·의학,치과 엔도,0.9461688,1.0,0.641307532787323,0
http://blog.naver.com/365_ssplant/223631486810,competitor,건강·의학,치과 엔도,0.9461688,1.0,0.48375946283340454,1
http://blog.naver.com/seoulbarundt/221772505161,competitor,IT·컴퓨터,치과 엔도,0.9461688,1.0,0.22621968388557434,1
http://blog.naver.com/raondent2875/223717706196,competitor,건강·의학,치과 엔도,0.9461688,1.0,0.5783170461654663,0
http://blog.naver.com/eutteumdc/223737133671,competitor,건강·의학,치과 엔도,0.9461688,1.0,0.5824857950210571,1
http://blog.naver.com/tlswkdel/223584374368,competitor,건강·의학,앞니 깨짐,0.80099386,1.0,0.6954354643821716,1
http://blog.naver.com/my_provence/223567825411,competitor,건강·의학,앞니 깨짐,0.80099386,1.0,0.5338916778564453,1
http://blog.naver.com/sunnyflow/223620384486,competitor,건강·의학,앞니 깨짐,0.80099386,1.0,0.4779142141342163,1
http://blog.naver.com/flyingkdg/223470761827,competitor,건강·의학,앞니 깨짐,0.80099386,1.0,0.511965811252594,1
http://blog.naver.com/ysnamkisedental/223644800078,competitor,건강·의학,앞니 깨짐,0.80099386,1.0,0.5658575892448425,1
http://blog.naver.com/8s6ttr/223857698130,competitor,건강·의학,신경치료 후 잇몸 변색,0.96341175,1.0,0.7939321398735046,1
http://blog.naver.com/ampr12/223830755260,competitor,건강·의학,신경치료 후 잇몸 변색,0.96341175,1.0,0.5993085503578186,1
http://blog.naver.com/highendcase/223441901452,competitor,건강·의학,신경치료 후 잇몸 변색,0.96341175,1.0,0.7011030912399292,0
http://blog.naver.com/cdhnation/223763838296,competitor,건강·의학,잇몸퇴축 임플란트,0.73939025,1.0,0.7097446918487549,1
http://blog.naver.com/seoul_el/223736276950,competitor,건강·의학,잇몸퇴축 임플란트,0.73939025,1.0,0.7906476855278015,1
http://blog.naver.com/dentalsnow/223619496538,competitor,건강·의학,인레이 과정,1.093526,1.0,0.499927282333374,1
http://blog.naver.com/gkdkrlwkrl2/223555766835,competitor,건강·의학,인레이 과정,1.093526,1.0,0.5781148076057434,1
http://blog.naver.com/ethinkdent1/223832956214,competitor,건강·의학,인레이 과정,1.093526,1.0,0.43957433104515076,1
http://blog.naver.com/barundent2017/223801126420,competitor,건강·의학,인레이 과정,1.093526,1.0,0.6195793151855469,0
http://blog.naver.com/jieumdent/223687545222,competitor,건강·의학,인레이 속 충치,1.6118796,1.0,0.4581635892391205,0
http://blog.naver.com/jung_denti/223272926843,competitor,,흔들리는 치아 신경치료,0.9874812,1.0,0.40689823031425476,0
http://blog.naver.com/greenscout90/223420898955,competitor,건강·의학,흔들리는 치아 신경치료,0.9874812,1.0,0.6716039776802063,0
http://blog.naver.com/ysdent21/223696887382,competitor,건강·의학,흔들리는 치아 신경치료,0.9874812,1.0,0.7471427917480469,1
http://blog.naver.com/huplus2828/223203521938,competitor,건강·의학,흔들리는 치아 신경치료,0.9874812,1.0,0.6989936828613281,0
http://blog.naver.com/orsaydent/223775275327,competitor,건강·의학,흔들리는 치아 신경치료,0.9874812,1.0,0.6888314485549927,0
http://blog.naver.com/dentalbeing/222984776801,competitor,건강·의학,아랫니 브릿지,0.84473526,1.0,0.3789370357990265,1
http://blog.naver.com/dlskadne1/222754200247,competitor,건강·의학,아랫니 브릿지,0.84473526,1.0,0.2624029219150543,1
http://blog.naver.com/fantasistah/222490154132,competitor,건강·의학,아랫니 브릿지,0.84473526,1.0,0.3765375018119812,0
http://blog.naver.com/onedayclinic_/223766729054,competitor,건강·의학,아랫니 브릿지,0.84473526,1.0,0.5731239318847656,1
http://blog.naver.com/dent2019/222024556398,competitor,건강·의학,앞니 신경치료 후 통증,0.69835925,1.0,0.6211495399475098,1
http://blog.naver.com/myden0/222875109572,competitor,건강·의학,앞니 신경치료 후 통증,0.69835925,1.0,0.7333797216415405,0
http://blog.naver.com/onaonam2815/223570925901,competitor,건강·의학,앞니 신경치료 후 통증,0.69835925,1.0,0.8029171228408813,0
http://blog.naver.com/seoulbbans/223713971948,competitor,건강·의학,앞니 신경치료 후 통증,0.69835925,1.0,0.36895430088043213,0
http://blog.naver.com/hiofn031/223757929203,competitor,건강·의학,앞니 신경치료 후 통증,0.69835925,1.0,0.6268368363380432,0
http://blog.naver.com/ship10416/223691219754,competitor,건강·의학,어금니 레진 깨짐,1.6513588,1.0,0.4408626854419708,1
http://blog.naver.com/leeks9095/223634681931,competitor,건강·의학,어금니 레진 깨짐,1.6513588,1.0,0.07263252139091492,0
http://blog.naver.com/doctorbaesh1/223705725215,competitor,건강·의학,어금니 레진 깨짐,1.6513588,1.0,0.1290428191423416,0
http://blog.naver.com/likedental/223746426932,competitor,건강·의학,어금니 레진 깨짐,1.6513588,1.0,0.2824589014053345,0
http://blog.naver.com/likedental/223746426932,competitor,건강·의학,어금니 사이 충치,1.0,1.0,0.2824589014053345,0
http://blog.naver.com/6530000grand/223825969748,competitor,건강·의학,어금니 레진 깨짐,1.6513588,1.0,0.2170468419790268,0
http://blog.naver.com/doctorbaesh/223716253720,competitor,건강·의학,어금니 레진 깨짐,1.6513588,1.0,0.17107954621315002,1
http://blog.naver.com/cjh1124410/223842025724,competitor,건강·의학,어금니 레진 깨짐,1.6513588,1.0,0.45056095719337463,0
http://blog.naver.com/ilsantopdental/223551819015,competitor,건강·의학,신경치료 후 염증,0.85874486,1.0,0.4386765956878662,0
http://blog.naver.com/onlyonej/223604799198,competitor,,신경치료 후 염증,0.85874486,1.0,0.3856047987937927,0
http://blog.naver.com/onlyonej/223676418020,competitor,,신경치료 후 염증,0.85874486,1.0,0.3856047987937927,0
http://blog.naver.com/jjongk1011/223661303304,competitor,건강·의학,신경치료 후 염증,0.85874486,1.0,0.6312026381492615,0
http://blog.naver.com/ystodaydental/223676210531,competitor,건강·의학,신경치료 후 염증,0.85874486,1.0,0.6883857250213623,0
http://blog.naver.com/highendcase/223755878515,competitor,건강·의학,신경치료 후 염증,0.85874486,1.0,0.5555636286735535,1
http://blog.naver.com/feeldental2080/223760458372,competitor,건강·의학,신경치료 후 염증,0.85874486,1.0,0.7099066972732544,1
http://blog.naver.com/yyseo09/223610230312,competitor,건강·의학,신경치료 후 염증,0.85874486,1.0,0.8354979157447815,1
http://blog.naver.com/hdy2569/220935393372,competitor,건강·의학,크라운 잇몸 내려앉음,0.9303965,1.0,0.624248743057251,0
http://blog.naver.com/ucdentalclinic/222219530176,competitor,건강·의학,크라운 잇몸 내려앉음,0.9303965,1.0,0.2963881492614746,0
http://blog.naver.com/tiranoseven/223723600647,competitor,건강·의학,크라운 잇몸 내려앉음,0.9303965,1.0,0.6140580177307129,1
http://blog.naver.com/flyingkdg/223277542972,competitor,건강·의학,크라운 잇몸 내려앉음,0.9303965,1.0,0.563219428062439,0
http://blog.naver.com/seoul_den/223185963166,competitor,건강·의학,크라운 잇몸 내려앉음,0.9303965,1.0,0.5587835907936096,0
http://blog.naver.com/ytgyyh/223756744697,competitor,건강·의학,크라운 잇몸 내려앉음,0.9303965,1.0,0.5970687866210938,1
http://blog.naver.com/homeplant/223649197338,competitor,건강·의학,어금니 사이 충치,1.0,1.0,0.7620565891265869,0
http://blog.naver.com/vegandentist/223423227568,competitor,건강·의학,어금니 사이 충치,1.0,1.0,0.6657076478004456,1
http://blog.naver.com/likedental/223668725041,competitor,건강·의학,어금니 사이 충치,1.0,1.0,0.11224539577960968,1
http://blog.naver.com/onlyonej/223300887583,competitor,,어금니 사이 충치,1.0,1.0,0.3856047987937927,0
http://blog.naver.com/dent2500/223736841799,competitor,건강·의학,어금니 사이 충치,1.0,1.0,0.4303819239139557,0
http://blog.naver.com/jieumdent/223763539725,competitor,건강·의학,어금니 사이 충치,1.0,1.0,0.5306746959686279,0
http://blog.naver.com/jieumdent/223763539725,competitor,건강·의학,인접면 인레이,0.54617476,1.0,0.5306746959686279,0
http://blog.naver.com/homeplant/223543852165,competitor,건강·의학,어금니 사이 충치,1.0,1.0,0.4011441171169281,1
http://blog.naver.com/tldusdbs12/223331249388,competitor,건강·의학,어금니 충치 레진,1.5365311,1.0,0.3243812322616577,1
http://blog.naver.com/seoulsmart1/223676141849,competitor,건강·의학,어금니 충치 레진,1.5365311,1.0,0.40586963295936584,1
http://blog.naver.com/likedental/223500199050,competitor,건강·의학,어금니 충치 레진,1.5365311,1.0,0.2012188583612442,1
http://blog.naver.com/dentigo00/223666183972,competitor,건강·의학,어금니 충치 레진,1.5365311,1.0,0.3094503581523895,0
http://blog.naver.com/wisdomdent/223710418448,competitor,건강·의학,어금니 충치 레진,1.5365311,1.0,0.24465416371822357,0
http://blog.naver.com/choilee_dent/223748412947,competitor,건강·의학,어금니 충치 레진,1.5365311,1.0,0.26964274048805237,0
http://blog.naver.com/ucdental2875/223759115763,competitor,건강·의학,어금니 충치 레진,1.5365311,1.0,0.3263038992881775,0
http://blog.naver.com/barundent2017/223564084767,competitor,건강·의학,어금니 충치 레진,1.5365311,1.0,0.6635606288909912,0
http://blog.naver.com/bodaholic/223842487880,competitor,건강·의학,어금니 충치 레진,1.5365311,1.0,0.36335980892181396,1
http://blog.naver.com/missruby04/223814627788,competitor,건강·의학,어금니 충치 레진,1.5365311,1.0,0.5381805300712585,1
http://blog.naver.com/heyu1012/223683534755,competitor,건강·의학,앞니 잇몸 통증,1.1201267,1.0,0.49304133653640747,0
http://blog.naver.com/seoul_den/223520419770,competitor,건강·의학,앞니 잇몸 통증,1.1201267,1.0,0.7533335089683533,1
http://blog.naver.com/seoul_den/223520419770,competitor,건강·의학,앞니 신경치료,1.3511186,1.0,0.7533335089683533,1
http://blog.naver.com/dreamperio1/223627823847,competitor,건강·의학,앞니 잇몸 통증,1.1201267,1.0,0.7463022470474243,1
http://blog.naver.com/cjh1124410/223711186151,competitor,건강·의학,앞니 잇몸 통증,1.1201267,1.0,0.40053385496139526,0
http://blog.naver.com/soogi123/223757773982,competitor,건강·의학,앞니 잇몸 통증,1.1201267,1.0,0.6568528413772583,1
http://blog.naver.com/zangdak81/223451705297,competitor,건강·의학,오버덴쳐,1.4334153,1.0,0.7085068821907043,0
http://blog.naver.com/dentistpky/223407458396,competitor,건강·의학,오버덴쳐,1.4334153,1.0,0.4065771698951721,0
http://blog.naver.com/xsfirmmype/223435387171,competitor,건강·의학,오버덴쳐,1.4334153,1.0,0.07451628148555756,0
http://blog.naver.com/dears_jw/223623127617,competitor,건강·의학,오버덴쳐,1.4334153,1.0,0.4227941632270813,0
http://blog.naver.com/ucdental2875/223693308912,competitor,건강·의학,오버덴쳐,1.4334153,1.0,0.08591204881668091,1
http://blog.naver.com/buydea/223718837284,competitor,건강·의학,오버덴쳐,1.4334153,1.0,0.4153068959712982,1
http://blog.naver.com/michelan2012/223747602017,competitor,건강·의학,오버덴쳐,1.4334153,1.0,0.577751100063324,0
http://blog.naver.com/suseongibdent/223693400047,competitor,건강·의학,오버덴쳐,1.4334153,1.0,0.5455188155174255,1
http://blog.naver.com/dent_hoon/223804489518,competitor,건강·의학,오버덴쳐,1.4334153,1.0,0.3782525658607483,1
http://blog.naver.com/homeplant/223178286490,competitor,건강·의학,치수복조술,1.1817824,1.0,0.812620222568512,1
http://blog.naver.com/eroumdent7575/223712407074,competitor,건강·의학,치수복조술,1.1817824,1.0,0.6019606590270996,0
http://blog.naver.com/dentistpky/223466600541,competitor,건강·의학,치수복조술,1.1817824,1.0,0.47953370213508606,1
http://blog.naver.com/homeplant/223288338462,competitor,건강·의학,치수복조술,1.1817824,1.0,0.5990301370620728,1
http://blog.naver.com/ysjuan/223516095324,competitor,건강·의학,치수복조술,1.1817824,1.0,0.5064565539360046,0
http://blog.naver.com/eroumdent7575/223834256802,competitor,건강·의학,치수복조술,1.1817824,1.0,0.3962309658527374,1
http://blog.naver.com/barundent2017/223552051157,competitor,건강·의학,앞니 신경치료 후 변색,0.76512164,1.0,0.7512986063957214,1
http://blog.naver.com/likedental/223755583597,competitor,건강·의학,앞니 신경치료 후 변색,0.76512164,1.0,0.13964718580245972,1
http://blog.naver.com/dentbusik/223677358561,competitor,건강·의학,어금니 잇몸 퇴축,0.5977689,1.0,0.6783551573753357,1
http://blog.naver.com/onaonam2815/223598788885,competitor,건강·의학,내려간 잇몸,1.1300119,1.0,0.6419947743415833,0
http://blog.naver.com/toporth/223293325553,competitor,건강·의학,내려간 잇몸,1.1300119,1.0,0.7352471947669983,1
http://blog.naver.com/seoul_den/223573701973,competitor,건강·의학,내려간 잇몸,1.1300119,1.0,0.3956596851348877,0
http://blog.naver.com/ansim0102/223448289078,competitor,건강·의학,내려간 잇몸,1.1300119,1.0,0.5731071829795837,0
http://blog.naver.com/365jaju/223799511806,competitor,건강·의학,내려간 잇몸,1.1300119,1.0,0.6913529634475708,1
http://blog.naver.com/indentist/223832506291,competitor,건강·의학,내려간 잇몸,1.1300119,1.0,0.5128805041313171,1
http://blog.naver.com/sunnyflow/223725549149,competitor,건강·의학,앞니 벌어짐,0.9084437,1.0,0.6257407069206238,0
http://blog.naver.com/homeplant/223479420579,competitor,건강·의학,앞니 벌어짐,0.9084437,1.0,0.4994351863861084,0
http://blog.naver.com/oia_87/223769678773,competitor,건강·의학,앞니 벌어짐,0.9084437,1.0,0.576751172542572,0
http://blog.naver.com/ucdental2875/223793200640,competitor,건강·의학,앞니 벌어짐,0.9084437,1.0,0.3900601267814636,0
http://blog.naver.com/granddental/223607337604,competitor,건강·의학,앞니 벌어짐,0.9084437,1.0,0.2773369550704956,0
http://blog.naver.com/jsmalltesto298/223859933119,competitor,건강·의학,앞니 벌어짐,0.9084437,1.0,0.3954697251319885,0
http://blog.naver.com/sunnyflow/223896837690,competitor,건강·의학,앞니 벌어짐,0.9084437,1.0,0.6947987675666809,1
http://blog.naver.com/fantasistah/223532118572,competitor,건강·의학,앞니 신경치료,1.3511186,1.0,0.6403903365135193,0
http://blog.naver.com/seoul_den/223563002187,competitor,건강·의학,앞니 신경치료,1.3511186,1.0,0.5844703912734985,0
http://blog.naver.com/sunnyflow/223661626659,competitor,건강·의학,앞니 신경치료,1.3511186,1.0,0.37951064109802246,0
http://blog.naver.com/seoul_den/223651364010,competitor,건강·의학,앞니 신경치료,1.3511186,1.0,0.48058274388313293,0
http://blog.naver.com/a18032/223766403010,competitor,건강·의학,앞니 신경치료,1.3511186,1.0,0.36493685841560364,0
http://blog.naver.com/fantasistah/223717550635,competitor,건강·의학,앞니 신경치료,1.3511186,1.0,0.451000839471817,0
http://blog.naver.com/seoul_den/223686589189,competitor,건강·의학,앞니 신경치료,1.3511186,1.0,0.7145892381668091,0
http://blog.naver.com/fantasistah/223771608574,competitor,건강·의학,앞니 신경치료,1.3511186,1.0,0.5634093880653381,0
http://blog.naver.com/likedental/223598343333,competitor,건강·의학,어금니 잇몸 내려앉음,0.9083894,1.0,0.46841785311698914,1
http://blog.naver.com/piro1229/223438695508,competitor,건강·의학,어금니 잇몸 내려앉음,0.9083894,1.0,0.1918685883283615,0
http://blog.naver.com/lghmink2002/223791118538,competitor,건강·의학,어금니 잇몸 내려앉음,0.9083894,1.0,0.3064936399459839,0
http://blog.naver.com/365jaju/223749636169,competitor,건강·의학,어금니 잇몸 내려앉음,0.9083894,1.0,0.4911167025566101,0
http://blog.naver.com/myden0/221248502832,competitor,건강·의학,어금니 잇몸 내려앉음,0.9083894,1.0,0.8354557752609253,1
http://blog.naver.com/myden0/223235496179,competitor,건강·의학,치근단절제술 통증,0.98143053,1.0,0.61614590883255,1
http://blog.naver.com/likedental/223583139261,competitor,건강·의학,치근단절제술 통증,0.98143053,1.0,0.505280077457428,1
http://blog.naver.com/onlyonej/223542545713,competitor,,치근단절제술 통증,0.98143053,1.0,0.3856047987937927,0
http://blog.naver.com/mmalbum/223681482836,competitor,건강·의학,치근단절제술 통증,0.98143053,1.0,0.5660173296928406,1
http://blog.naver.com/neo0628/223493861412,competitor,건강·의학,치근단절제술 통증,0.98143053,1.0,0.6415709257125854,1
http://blog.naver.com/jjinppang_0/223397295778,competitor,건강·의학,치근단절제술 통증,0.98143053,1.0,0.34583985805511475,1
http://blog.naver.com/mmalbum/223779908556,competitor,건강·의학,치근단절제술 통증,0.98143053,1.0,0.71266108751297,1
http://blog.naver.com/verysia/223836404523,competitor,건강·의학,치근단절제술 통증,0.98143053,1.0,0.563720703125,1
http://blog.naver.com/ysnaturedent/223833628515,competitor,건강·의학,치근단절제술 통증,0.98143053,1.0,0.7927331924438477,0
http://blog.naver.com/dyugyxwxj/223841908406,competitor,건강·의학,치근단절제술 통증,0.98143053,1.0,0.6324543356895447,1
http://blog.naver.com/beyondsh/223889766823,competitor,건강·의학,치근단절제술 통증,0.98143053,1.0,0.6279951930046082,1
http://blog.naver.com/ansim0102/223882845354,competitor,건강·의학,치근단절제술 통증,0.98143053,1.0,0.679250180721283,1
http://blog.naver.com/yonsei-sevdent/223451512593,competitor,건강·의학,앞니 끝 깨짐,1.0289801,1.0,0.5008856654167175,0
http://blog.naver.com/ojh8016/223632885511,competitor,건강·의학,앞니 끝 깨짐,1.0289801,1.0,0.1920715570449829,0
http://blog.naver.com/yesplant0405/223677150609,competitor,건강·의학,앞니 끝 깨짐,1.0289801,1.0,0.4457125961780548,1
http://blog.naver.com/joecha87/223669681191,competitor,건강·의학,앞니 끝 깨짐,1.0289801,1.0,0.7118768095970154,0
http://blog.naver.com/dreamperio1/223718043906,competitor,건강·의학,앞니 끝 깨짐,1.0289801,1.0,0.44685760140419006,1
http://blog.naver.com/carjhr0710/223738439482,competitor,건강·의학,앞니 끝 깨짐,1.0289801,1.0,0.5297772288322449,1
http://blog.naver.com/barumdental6000/223767194934,competitor,건강·의학,앞니 끝 깨짐,1.0289801,1.0,0.2967662513256073,1
http://blog.naver.com/rememberdental/223667383575,competitor,건강·의학,앞니 끝 깨짐,1.0289801,1.0,0.5322030186653137,0
http://blog.naver.com/barundent2017/223724580190,competitor,건강·의학,앞니 끝 깨짐,1.0289801,1.0,0.6348753571510315,1
http://blog.naver.com/ethinkdent1/223818514793,competitor,건강·의학,앞니 끝 깨짐,1.0289801,1.0,0.6775416135787964,1
http://blog.naver.com/fantasistah/223435352902,competitor,건강·의학,치외치,1.0636942,1.0,0.4380291998386383,1
http://blog.naver.com/sunnyflow/223541235122,competitor,건강·의학,치외치,1.0636942,1.0,0.13495057821273804,0
http://blog.naver.com/kuhun5034/223708884237,competitor,건강·의학,치외치,1.0636942,1.0,0.4499819278717041,0
http://blog.naver.com/solk7tcowmd/223794087529,competitor,건강·의학,치외치,1.0636942,1.0,0.2948085069656372,1
http://blog.naver.com/simple-clear1/223882302341,competitor,건강·의학,치외치,1.0636942,1.0,0.5954359173774719,1
http://blog.naver.com/leesy_8520/223609391288,competitor,건강·의학,세라믹 레진,0.73142713,1.0,0.4175426661968231,1
http://blog.naver.com/anatole0613/223632702484,competitor,건강·의학,세라믹 레진,0.73142713,1.0,0.32686182856559753,0
http://blog.naver.com/omymedis/223619369754,competitor,건강·의학,세라믹 레진,0.73142713,1.0,-0.0025290704797953367,0
http://blog.naver.com/springcalm1/223729643523,competitor,건강·의학,세라믹 레진,0.73142713,1.0,0.5593265295028687,1
http://blog.naver.com/dentistsale/223683145864,competitor,건강·의학,세라믹 레진,0.73142713,1.0,0.6569584608078003,1
http://blog.naver.com/whitedc0902/223736766818,competitor,건강·의학,세라믹 레진,0.73142713,1.0,0.6247401237487793,0
http://blog.naver.com/fantasistah/223633016287,competitor,건강·의학,앞니 재신경치료,1.2061143,1.0,0.6899465322494507,0
http://blog.naver.com/seoulbbans/223510827865,competitor,건강·의학,앞니 재신경치료,1.2061143,1.0,0.23660892248153687,0
http://blog.naver.com/onlyonej/223632399752,competitor,,앞니 재신경치료,1.2061143,1.0,0.3856047987937927,0
http://blog.naver.com/daradentistry/223181566675,competitor,건강·의학,앞니 재신경치료,1.2061143,1.0,0.7021477818489075,0
http://blog.naver.com/honeycho_a/222276546635,competitor,건강·의학,앞니 재신경치료,1.2061143,1.0,0.3068545162677765,1
http://blog.naver.com/highendcase/223685165089,competitor,건강·의학,앞니 재신경치료,1.2061143,1.0,0.474763423204422,1
http://blog.naver.com/myden0/223235784936,competitor,건강·의학,앞니 재신경치료,1.2061143,1.0,0.36306920647621155,1
http://blog.naver.com/a18032/223758170044,competitor,건강·의학,앞니 재신경치료,1.2061143,1.0,0.38628092408180237,0
http://blog.naver.com/artist_horang/223797291648,competitor,건강·의학,앞니 재신경치료,1.2061143,1.0,0.2952229380607605,1
http://blog.naver.com/nygoodmoringdc/223828578249,competitor,건강·의학,앞니 재신경치료,1.2061143,1.0,0.5279651284217834,0
http://blog.naver.com/fantasistah/223416032792,competitor,건강·의학,앞니 재신경치료,1.2061143,1.0,0.6898160576820374,1
http://blog.naver.com/fantasistah/223896094160,competitor,건강·의학,앞니 재신경치료,1.2061143,1.0,0.7224630117416382,1
http://blog.naver.com/comfort-dental/223757663238,competitor,건강·의학,치아 깨졌을때,1.0453936,1.0,0.4867602288722992,1
http://blog.naver.com/ldie7780/223748609121,competitor,건강·의학,치아 깨졌을때,1.0453936,1.0,0.2734702527523041,0
http://blog.naver.com/gundentalclinic/223390946547,competitor,건강·의학,치근단형성술,1.1796341,1.0,0.7750275135040283,1
http://blog.naver.com/homeplant/223288169121,competitor,건강·의학,치근단형성술,1.1796341,1.0,0.6677128672599792,0
http://blog.naver.com/champh_dc/223299617725,competitor,건강·의학,치근단형성술,1.1796341,1.0,0.292991578578949,1
http://blog.naver.com/huedent275/223276341939,competitor,건강·의학,치근단형성술,1.1796341,1.0,0.5875558853149414,0
http://blog.naver.com/soongni/223647906769,competitor,건강·의학,고름,1.4132842,1.0,0.4875231683254242,0
http://blog.naver.com/ekek9911/223670993552,competitor,건강·의학,고름,1.4132842,1.0,0.7155812382698059,0
http://blog.naver.com/marumi2222/223780434388,competitor,건강·의학,고름,1.4132842,1.0,0.48537561297416687,1
http://blog.naver.com/fast2013/223618778092,competitor,건강·의학,인접면 인레이,0.54617476,1.0,0.44459268450737,1
http://blog.naver.com/aprodite624/223375155228,competitor,건강·의학,앞니 크라운 모양,2.3832984,1.0,0.3492315411567688,1
http://blog.naver.com/wooritopdent/223827895708,competitor,건강·의학,치아 파절의 원인은 무엇인가요,0.91364574,1.0,0.6665635108947754,1
http://blog.naver.com/masterpiece2828/223516257039,competitor,건강·의학,치아 파절의 원인은 무엇인가요,0.91364574,1.0,0.7176871299743652,1
http://blog.naver.com/ghw412/223839684262,competitor,건강·의학,치아 파절의 원인은 무엇인가요,0.91364574,1.0,0.32318010926246643,1
http://blog.naver.com/yonseinaeil/223832793162,competitor,건강·의학,치아 뿌리 고름,1.340155,1.0,0.49571850895881653,0
http://blog.naver.com/kindhyun111/223338820886,competitor,건강·의학,레진,1.779098,1.0,0.20265215635299683,1
http://blog.naver.com/sldental1/223117665668,competitor,건강·의학,레진,1.779098,1.0,0.6337553262710571,0
http://blog.naver.com/homeplant/223388446078,competitor,건강·의학,레진,1.779098,1.0,-0.07906685769557953,1
http://blog.naver.com/flyingkdg/223139188545,competitor,건강·의학,레진,1.779098,1.0,0.45875710248947144,0
http://blog.naver.com/sflowerden/223235524842,competitor,건강·의학,레진,1.779098,1.0,0.2776208221912384,0
http://blog.naver.com/drlovelee/223692462974,competitor,건강·의학,잇몸에 물집,0.86011094,1.0,0.44448593258857727,1
http://blog.naver.com/thewise2828/223800310069,competitor,건강·의학,잇몸에 물집,0.86011094,1.0,0.48077359795570374,1
http://blog.naver.com/yonsei-gangnam/223825204070,competitor,건강·의학,잇몸에 물집,0.86011094,1.0,0.6243221759796143,1
http://blog.naver.com/tt-implant/223858758436,competitor,건강·의학,잇몸에 물집,0.86011094,1.0,0.7284741997718811,1
http://blog.naver.com/smileplantdc/223843445829,competitor,건강·의학,잇몸에 물집,0.86011094,1.0,0.3875860571861267,1
http://blog.naver.com/ytopdent_/223882827051,competitor,건강·의학,잇몸에 물집,0.86011094,1.0,0.3909050226211548,1
http://blog.naver.com/maharyeong/223604077998,competitor,건강·의학,인레이 깨짐 비용,0.72219265,1.0,0.25844791531562805,1
http://blog.naver.com/seoulsmart1/223665939168,competitor,건강·의학,인레이 깨짐 비용,0.72219265,1.0,0.5851060748100281,1
http://blog.naver.com/ansansev2/223879339356,competitor,건강·의학,인레이 깨짐 비용,0.72219265,1.0,0.3850773870944977,1
http://blog.naver.com/mk000122/223353281044,competitor,건강·의학,급성치수염,1.0891854,1.0,0.6102999448776245,1
http://blog.naver.com/wfrobnm4/223621567761,competitor,건강·의학,급성치수염,1.0891854,1.0,0.4932054579257965,1
http://blog.naver.com/spriner/223637992410,competitor,건강·의학,급성치수염,1.0891854,1.0,0.5091049671173096,1
http://blog.naver.com/3360280/223851330130,competitor,건강·의학,급성치수염,1.0891854,1.0,0.20421259105205536,1
http://blog.naver.com/syd9898/223839789372,competitor,건강·의학,급성치수염,1.0891854,1.0,0.3753558099269867,1
http://blog.naver.com/lmh974300/223860139523,competitor,건강·의학,치수복조,1.0044106,1.0,0.4214487075805664,1
http://blog.naver.com/nygoodmoringdc/223819835337,competitor,건강·의학,치수복조,1.0044106,1.0,0.4899917244911194,1
http://blog.naver.com/homeplant/223754085172,competitor,건강·의학,치수복조,1.0044106,1.0,0.6405775547027588,1
http://blog.naver.com/yonseiseroi/223684745009,competitor,건강·의학,리엔도,1.1184258,1.0,0.5102047920227051,1
http://blog.naver.com/smiletodaydent/223798175278,competitor,건강·의학,리엔도,1.1184258,1.0,0.7843855023384094,0
http://blog.naver.com/xdbru8vq/223874238785,competitor,건강·의학,리엔도,1.1184258,1.0,0.460227906703949,0
http://blog.naver.com/skydc2080/221167568372,competitor,건강·의학,앞니 사이 충치,1.3373863,1.0,0.5598465204238892,0
http://blog.naver.com/ampr12/222617989778,competitor,건강·의학,앞니 사이 충치,1.3373863,1.0,0.4756832718849182,0
http://blog.naver.com/fantasistah/223470151626,competitor,건강·의학,앞니 사이 충치,1.3373863,1.0,0.46529659628868103,0
http://blog.naver.com/doctorbaesh/223795828249,competitor,건강·의학,앞니 사이 충치,1.3373863,1.0,0.4648737609386444,1
http://blog.naver.com/fantasistah/223812864643,competitor,건강·의학,앞니 사이 충치,1.3373863,1.0,0.38652101159095764,0
http://blog.naver.com/uldental/223689848219,competitor,건강·의학,앞니 사이 충치,1.3373863,1.0,0.33068013191223145,0
http://blog.naver.com/fantasistah/223882130661,competitor,건강·의학,앞니 사이 충치,1.3373863,1.0,0.6721228361129761,0
http://blog.naver.com/openminddent/223897811961,competitor,건강·의학,앞니 사이 충치,1.3373863,1.0,0.2922203242778778,1
http://blog.naver.com/masterpiece2828/223912508189,competitor,건강·의학,앞니 사이 충치,1.3373863,1.0,0.6384257674217224,0
http://blog.naver.com/moreden0701/222792362489,competitor,건강·의학,apicoectomy 발음,1.1310782,1.0,0.5847140550613403,0
http://blog.naver.com/vegandentist/223420069593,competitor,건강·의학,세라믹 인레이,1.8597069,1.0,0.3131984770298004,1
http://blog.naver.com/seoul_den/223438204061,competitor,건강·의학,세라믹 인레이,1.8597069,1.0,0.5283675193786621,0
http://blog.naver.com/solk7tcowmd/223469821093,competitor,건강·의학,세라믹 인레이,1.8597069,1.0,0.44486716389656067,1
http://blog.naver.com/mylife2879/223802710883,competitor,건강·의학,세라믹 인레이,1.8597069,1.0,0.6498751044273376,1
http://blog.naver.com/barundent2017/223894583920,competitor,건강·의학,세라믹 인레이,1.8597069,1.0,0.6515243649482727,0
http://blog.naver.com/dentikay/223885186335,competitor,건강·의학,세라믹 인레이,1.8597069,1.0,0.05812365561723709,1
