cafe_name,clinic_name,month,views
<오행공> 오산맘들의 행복한 공간,새로미치과의원,2024-06,0
<오행공> 오산맘들의 행복한 공간,새로미치과의원,2024-07,0
<오행공> 오산맘들의 행복한 공간,새로미치과의원,2024-08,0
<오행공> 오산맘들의 행복한 공간,새로미치과의원,2024-09,0
<오행공> 오산맘들의 행복한 공간,새로미치과의원,2024-10,0
<오행공> 오산맘들의 행복한 공간,새로미치과의원,2024-11,0
<오행공> 오산맘들의 행복한 공간,새로미치과의원,2024-12,0
<오행공> 오산맘들의 행복한 공간,새로미치과의원,2025-01,0
<오행공> 오산맘들의 행복한 공간,새로미치과의원,2025-02,0
<오행공> 오산맘들의 행복한 공간,새로미치과의원,2025-03,0
<오행공> 오산맘들의 행복한 공간,새로미치과의원,2025-04,0
<오행공> 오산맘들의 행복한 공간,새로미치과의원,2025-05,590
<오행공> 오산맘들의 행복한 공간,새로미치과의원,2025-06,0
<오행공> 오산맘들의 행복한 공간,새로미치과의원,2025-07,0
e편한세상 용인 한숲시티 입주민 대표 카페,한숲치과의원,2024-06,0
e편한세상 용인 한숲시티 입주민 대표 카페,한숲치과의원,2024-07,678
e편한세상 용인 한숲시티 입주민 대표 카페,한숲치과의원,2024-08,0
e편한세상 용인 한숲시티 입주민 대표 카페,한숲치과의원,2024-09,0
e편한세상 용인 한숲시티 입주민 대표 카페,한숲치과의원,2024-10,0
e편한세상 용인 한숲시티 입주민 대표 카페,한숲치과의원,2024-11,0
e편한세상 용인 한숲시티 입주민 대표 카페,한숲치과의원,2024-12,0
e편한세상 용인 한숲시티 입주민 대표 카페,한숲치과의원,2025-01,0
e편한세상 용인 한숲시티 입주민 대표 카페,한숲치과의원,2025-02,0
e편한세상 용인 한숲시티 입주민 대표 카페,한숲치과의원,2025-03,0
e편한세상 용인 한숲시티 입주민 대표 카페,한숲치과의원,2025-04,0
e편한세상 용인 한숲시티 입주민 대표 카페,한숲치과의원,2025-05,0
e편한세상 용인 한숲시티 입주민 대표 카페,한숲치과의원,2025-06,0
e편한세상 용인 한숲시티 입주민 대표 카페,한숲치과의원,2025-07,0
◆동탄맘들 모여라,더바른치과의원,2024-06,0
◆동탄맘들 모여라,더바른치과의원,2024-07,0
◆동탄맘들 모여라,더바른치과의원,2024-08,0
◆동탄맘들 모여라,더바른치과의원,2024-09,0
◆동탄맘들 모여라,더바른치과의원,2024-10,0
◆동탄맘들 모여라,더바른치과의원,2024-11,0
◆동탄맘들 모여라,더바른치과의원,2024-12,0
◆동탄맘들 모여라,더바른치과의원,2025-01,0
◆동탄맘들 모여라,더바른치과의원,2025-02,0
◆동탄맘들 모여라,더바른치과의원,2025-03,0
◆동탄맘들 모여라,더바른치과의원,2025-04,0
◆동탄맘들 모여라,더바른치과의원,2025-05,0
◆동탄맘들 모여라,더바른치과의원,2025-06,0
◆동탄맘들 모여라,더바른치과의원,2025-07,0
◆동탄맘들 모여라,동탄CL치과의원,2024-06,0
◆동탄맘들 모여라,동탄CL치과의원,2024-07,106
◆동탄맘들 모여라,동탄CL치과의원,2024-08,106
◆동탄맘들 모여라,동탄CL치과의원,2024-09,0
◆동탄맘들 모여라,동탄CL치과의원,2024-10,0
◆동탄맘들 모여라,동탄CL치과의원,2024-11,0
◆동탄맘들 모여라,동탄CL치과의원,2024-12,0
◆동탄맘들 모여라,동탄CL치과의원,2025-01,0
◆동탄맘들 모여라,동탄CL치과의원,2025-02,0
◆동탄맘들 모여라,동탄CL치과의원,2025-03,0
◆동탄맘들 모여라,동탄CL치과의원,2025-04,0
◆동탄맘들 모여라,동탄CL치과의원,2025-05,0
◆동탄맘들 모여라,동탄CL치과의원,2025-06,0
◆동탄맘들 모여라,동탄CL치과의원,2025-07,0
◆동탄맘들 모여라,동탄키즈사랑소아치과의원,2024-06,0
◆동탄맘들 모여라,동탄키즈사랑소아치과의원,2024-07,0
◆동탄맘들 모여라,동탄키즈사랑소아치과의원,2024-08,0
◆동탄맘들 모여라,동탄키즈사랑소아치과의원,2024-09,0
◆동탄맘들 모여라,동탄키즈사랑소아치과의원,2024-10,505
◆동탄맘들 모여라,동탄키즈사랑소아치과의원,2024-11,84
◆동탄맘들 모여라,동탄키즈사랑소아치과의원,2024-12,0
◆동탄맘들 모여라,동탄키즈사랑소아치과의원,2025-01,0
◆동탄맘들 모여라,동탄키즈사랑소아치과의원,2025-02,0
◆동탄맘들 모여라,동탄키즈사랑소아치과의원,2025-03,0
◆동탄맘들 모여라,동탄키즈사랑소아치과의원,2025-04,0
◆동탄맘들 모여라,동탄키즈사랑소아치과의원,2025-05,0
◆동탄맘들 모여라,동탄키즈사랑소아치과의원,2025-06,0
◆동탄맘들 모여라,동탄키즈사랑소아치과의원,2025-07,0
◆동탄맘들 모여라,미프라임치과의원,2024-06,0
◆동탄맘들 모여라,미프라임치과의원,2024-07,0
◆동탄맘들 모여라,미프라임치과의원,2024-08,0
◆동탄맘들 모여라,미프라임치과의원,2024-09,0
◆동탄맘들 모여라,미프라임치과의원,2024-10,0
◆동탄맘들 모여라,미프라임치과의원,2024-11,0
◆동탄맘들 모여라,미프라임치과의원,2024-12,0
◆동탄맘들 모여라,미프라임치과의원,2025-01,290
◆동탄맘들 모여라,미프라임치과의원,2025-02,218
◆동탄맘들 모여라,미프라임치과의원,2025-03,0
◆동탄맘들 모여라,미프라임치과의원,2025-04,0
◆동탄맘들 모여라,미프라임치과의원,2025-05,0
◆동탄맘들 모여라,미프라임치과의원,2025-06,0
◆동탄맘들 모여라,미프라임치과의원,2025-07,0
◆동탄맘들 모여라,아름다운턱치과의원,2024-06,0
◆동탄맘들 모여라,아름다운턱치과의원,2024-07,0
◆동탄맘들 모여라,아름다운턱치과의원,2024-08,0
◆동탄맘들 모여라,아름다운턱치과의원,2024-09,0
◆동탄맘들 모여라,아름다운턱치과의원,2024-10,0
◆동탄맘들 모여라,아름다운턱치과의원,2024-11,613
◆동탄맘들 모여라,아름다운턱치과의원,2024-12,530
◆동탄맘들 모여라,아름다운턱치과의원,2025-01,0
◆동탄맘들 모여라,아름다운턱치과의원,2025-02,0
◆동탄맘들 모여라,아름다운턱치과의원,2025-03,0
◆동탄맘들 모여라,아름다운턱치과의원,2025-04,0
◆동탄맘들 모여라,아름다운턱치과의원,2025-05,0
◆동탄맘들 모여라,아름다운턱치과의원,2025-06,0
◆동탄맘들 모여라,아름다운턱치과의원,2025-07,0
동탄2신도시 분양 정보 & 경기 남부&진안 부동산 투자 정보,메디피움치과의원,2024-06,0
동탄2신도시 분양 정보 & 경기 남부&진안 부동산 투자 정보,메디피움치과의원,2024-07,0
동탄2신도시 분양 정보 & 경기 남부&진안 부동산 투자 정보,메디피움치과의원,2024-08,0
동탄2신도시 분양 정보 & 경기 남부&진안 부동산 투자 정보,메디피움치과의원,2024-09,0
동탄2신도시 분양 정보 & 경기 남부&진안 부동산 투자 정보,메디피움치과의원,2024-10,0
동탄2신도시 분양 정보 & 경기 남부&진안 부동산 투자 정보,메디피움치과의원,2024-11,0
동탄2신도시 분양 정보 & 경기 남부&진안 부동산 투자 정보,메디피움치과의원,2024-12,595
동탄2신도시 분양 정보 & 경기 남부&진안 부동산 투자 정보,메디피움치과의원,2025-01,792
동탄2신도시 분양 정보 & 경기 남부&진안 부동산 투자 정보,메디피움치과의원,2025-02,0
동탄2신도시 분양 정보 & 경기 남부&진안 부동산 투자 정보,메디피움치과의원,2025-03,0
동탄2신도시 분양 정보 & 경기 남부&진안 부동산 투자 정보,메디피움치과의원,2025-04,0
동탄2신도시 분양 정보 & 경기 남부&진안 부동산 투자 정보,메디피움치과의원,2025-05,0
동탄2신도시 분양 정보 & 경기 남부&진안 부동산 투자 정보,메디피움치과의원,2025-06,0
동탄2신도시 분양 정보 & 경기 남부&진안 부동산 투자 정보,메디피움치과의원,2025-07,0
동탄2신도시맘 ♣ 동탄투맘 모여요~ [동투맘] ^^ ♣,동탄꿈의치과의원,2024-06,0
동탄2신도시맘 ♣ 동탄투맘 모여요~ [동투맘] ^^ ♣,동탄꿈의치과의원,2024-07,0
동탄2신도시맘 ♣ 동탄투맘 모여요~ [동투맘] ^^ ♣,동탄꿈의치과의원,2024-08,0
동탄2신도시맘 ♣ 동탄투맘 모여요~ [동투맘] ^^ ♣,동탄꿈의치과의원,2024-09,0
동탄2신도시맘 ♣ 동탄투맘 모여요~ [동투맘] ^^ ♣,동탄꿈의치과의원,2024-10,0
동탄2신도시맘 ♣ 동탄투맘 모여요~ [동투맘] ^^ ♣,동탄꿈의치과의원,2024-11,409
동탄2신도시맘 ♣ 동탄투맘 모여요~ [동투맘] ^^ ♣,동탄꿈의치과의원,2024-12,227
동탄2신도시맘 ♣ 동탄투맘 모여요~ [동투맘] ^^ ♣,동탄꿈의치과의원,2025-01,0
동탄2신도시맘 ♣ 동탄투맘 모여요~ [동투맘] ^^ ♣,동탄꿈의치과의원,2025-02,0
동탄2신도시맘 ♣ 동탄투맘 모여요~ [동투맘] ^^ ♣,동탄꿈의치과의원,2025-03,0
동탄2신도시맘 ♣ 동탄투맘 모여요~ [동투맘] ^^ ♣,동탄꿈의치과의원,2025-04,0
동탄2신도시맘 ♣ 동탄투맘 모여요~ [동투맘] ^^ ♣,동탄꿈의치과의원,2025-05,0
동탄2신도시맘 ♣ 동탄투맘 모여요~ [동투맘] ^^ ♣,동탄꿈의치과의원,2025-06,0
동탄2신도시맘 ♣ 동탄투맘 모여요~ [동투맘] ^^ ♣,동탄꿈의치과의원,2025-07,0
동탄2신도시맘 ♣ 동탄투맘 모여요~ [동투맘] ^^ ♣,동탄에이스치과의원,2024-06,0
동탄2신도시맘 ♣ 동탄투맘 모여요~ [동투맘] ^^ ♣,동탄에이스치과의원,2024-07,2611
동탄2신도시맘 ♣ 동탄투맘 모여요~ [동투맘] ^^ ♣,동탄에이스치과의원,2024-08,313
동탄2신도시맘 ♣ 동탄투맘 모여요~ [동투맘] ^^ ♣,동탄에이스치과의원,2024-09,0
동탄2신도시맘 ♣ 동탄투맘 모여요~ [동투맘] ^^ ♣,동탄에이스치과의원,2024-10,0
동탄2신도시맘 ♣ 동탄투맘 모여요~ [동투맘] ^^ ♣,동탄에이스치과의원,2024-11,0
동탄2신도시맘 ♣ 동탄투맘 모여요~ [동투맘] ^^ ♣,동탄에이스치과의원,2024-12,0
동탄2신도시맘 ♣ 동탄투맘 모여요~ [동투맘] ^^ ♣,동탄에이스치과의원,2025-01,0
동탄2신도시맘 ♣ 동탄투맘 모여요~ [동투맘] ^^ ♣,동탄에이스치과의원,2025-02,0
동탄2신도시맘 ♣ 동탄투맘 모여요~ [동투맘] ^^ ♣,동탄에이스치과의원,2025-03,0
동탄2신도시맘 ♣ 동탄투맘 모여요~ [동투맘] ^^ ♣,동탄에이스치과의원,2025-04,0
동탄2신도시맘 ♣ 동탄투맘 모여요~ [동투맘] ^^ ♣,동탄에이스치과의원,2025-05,0
동탄2신도시맘 ♣ 동탄투맘 모여요~ [동투맘] ^^ ♣,동탄에이스치과의원,2025-06,0
동탄2신도시맘 ♣ 동탄투맘 모여요~ [동투맘] ^^ ♣,동탄에이스치과의원,2025-07,0
동탄2신도시맘 ♣ 동탄투맘 모여요~ [동투맘] ^^ ♣,동탄하나로치과의원,2024-06,0
동탄2신도시맘 ♣ 동탄투맘 모여요~ [동투맘] ^^ ♣,동탄하나로치과의원,2024-07,0
동탄2신도시맘 ♣ 동탄투맘 모여요~ [동투맘] ^^ ♣,동탄하나로치과의원,2024-08,0
동탄2신도시맘 ♣ 동탄투맘 모여요~ [동투맘] ^^ ♣,동탄하나로치과의원,2024-09,0
동탄2신도시맘 ♣ 동탄투맘 모여요~ [동투맘] ^^ ♣,동탄하나로치과의원,2024-10,0
동탄2신도시맘 ♣ 동탄투맘 모여요~ [동투맘] ^^ ♣,동탄하나로치과의원,2024-11,0
동탄2신도시맘 ♣ 동탄투맘 모여요~ [동투맘] ^^ ♣,동탄하나로치과의원,2024-12,0
동탄2신도시맘 ♣ 동탄투맘 모여요~ [동투맘] ^^ ♣,동탄하나로치과의원,2025-01,0
동탄2신도시맘 ♣ 동탄투맘 모여요~ [동투맘] ^^ ♣,동탄하나로치과의원,2025-02,0
동탄2신도시맘 ♣ 동탄투맘 모여요~ [동투맘] ^^ ♣,동탄하나로치과의원,2025-03,0
동탄2신도시맘 ♣ 동탄투맘 모여요~ [동투맘] ^^ ♣,동탄하나로치과의원,2025-04,0
동탄2신도시맘 ♣ 동탄투맘 모여요~ [동투맘] ^^ ♣,동탄하나로치과의원,2025-05,0
동탄2신도시맘 ♣ 동탄투맘 모여요~ [동투맘] ^^ ♣,동탄하나로치과의원,2025-06,0
동탄2신도시맘 ♣ 동탄투맘 모여요~ [동투맘] ^^ ♣,동탄하나로치과의원,2025-07,655
동탄2신도시맘 ♣ 동탄투맘 모여요~ [동투맘] ^^ ♣,서울라미플란트치과교정과치과의원,2024-06,0
동탄2신도시맘 ♣ 동탄투맘 모여요~ [동투맘] ^^ ♣,서울라미플란트치과교정과치과의원,2024-07,0
동탄2신도시맘 ♣ 동탄투맘 모여요~ [동투맘] ^^ ♣,서울라미플란트치과교정과치과의원,2024-08,0
동탄2신도시맘 ♣ 동탄투맘 모여요~ [동투맘] ^^ ♣,서울라미플란트치과교정과치과의원,2024-09,0
동탄2신도시맘 ♣ 동탄투맘 모여요~ [동투맘] ^^ ♣,서울라미플란트치과교정과치과의원,2024-10,0
동탄2신도시맘 ♣ 동탄투맘 모여요~ [동투맘] ^^ ♣,서울라미플란트치과교정과치과의원,2024-11,0
동탄2신도시맘 ♣ 동탄투맘 모여요~ [동투맘] ^^ ♣,서울라미플란트치과교정과치과의원,2024-12,0
동탄2신도시맘 ♣ 동탄투맘 모여요~ [동투맘] ^^ ♣,서울라미플란트치과교정과치과의원,2025-01,0
동탄2신도시맘 ♣ 동탄투맘 모여요~ [동투맘] ^^ ♣,서울라미플란트치과교정과치과의원,2025-02,0
동탄2신도시맘 ♣ 동탄투맘 모여요~ [동투맘] ^^ ♣,서울라미플란트치과교정과치과의원,2025-03,177
동탄2신도시맘 ♣ 동탄투맘 모여요~ [동투맘] ^^ ♣,서울라미플란트치과교정과치과의원,2025-04,71
동탄2신도시맘 ♣ 동탄투맘 모여요~ [동투맘] ^^ ♣,서울라미플란트치과교정과치과의원,2025-05,0
동탄2신도시맘 ♣ 동탄투맘 모여요~ [동투맘] ^^ ♣,서울라미플란트치과교정과치과의원,2025-06,0
동탄2신도시맘 ♣ 동탄투맘 모여요~ [동투맘] ^^ ♣,서울라미플란트치과교정과치과의원,2025-07,0
동탄2신도시맘 ♣ 동탄투맘 모여요~ [동투맘] ^^ ♣,이루다치과의원,2024-06,0
동탄2신도시맘 ♣ 동탄투맘 모여요~ [동투맘] ^^ ♣,이루다치과의원,2024-07,0
동탄2신도시맘 ♣ 동탄투맘 모여요~ [동투맘] ^^ ♣,이루다치과의원,2024-08,0
동탄2신도시맘 ♣ 동탄투맘 모여요~ [동투맘] ^^ ♣,이루다치과의원,2024-09,0
동탄2신도시맘 ♣ 동탄투맘 모여요~ [동투맘] ^^ ♣,이루다치과의원,2024-10,0
동탄2신도시맘 ♣ 동탄투맘 모여요~ [동투맘] ^^ ♣,이루다치과의원,2024-11,0
동탄2신도시맘 ♣ 동탄투맘 모여요~ [동투맘] ^^ ♣,이루다치과의원,2024-12,0
동탄2신도시맘 ♣ 동탄투맘 모여요~ [동투맘] ^^ ♣,이루다치과의원,2025-01,321
동탄2신도시맘 ♣ 동탄투맘 모여요~ [동투맘] ^^ ♣,이루다치과의원,2025-02,25
동탄2신도시맘 ♣ 동탄투맘 모여요~ [동투맘] ^^ ♣,이루다치과의원,2025-03,0
동탄2신도시맘 ♣ 동탄투맘 모여요~ [동투맘] ^^ ♣,이루다치과의원,2025-04,0
동탄2신도시맘 ♣ 동탄투맘 모여요~ [동투맘] ^^ ♣,이루다치과의원,2025-05,0
동탄2신도시맘 ♣ 동탄투맘 모여요~ [동투맘] ^^ ♣,이루다치과의원,2025-06,0
동탄2신도시맘 ♣ 동탄투맘 모여요~ [동투맘] ^^ ♣,이루다치과의원,2025-07,0
철도청[치아턱교정치과보험양악수술임플란트미백돌출입안티성형],연세바로치과교정과치과의원,2024-06,0
철도청[치아턱교정치과보험양악수술임플란트미백돌출입안티성형],연세바로치과교정과치과의원,2024-07,0
철도청[치아턱교정치과보험양악수술임플란트미백돌출입안티성형],연세바로치과교정과치과의원,2024-08,0
철도청[치아턱교정치과보험양악수술임플란트미백돌출입안티성형],연세바로치과교정과치과의원,2024-09,18
철도청[치아턱교정치과보험양악수술임플란트미백돌출입안티성형],연세바로치과교정과치과의원,2024-10,239
철도청[치아턱교정치과보험양악수술임플란트미백돌출입안티성형],연세바로치과교정과치과의원,2024-11,0
철도청[치아턱교정치과보험양악수술임플란트미백돌출입안티성형],연세바로치과교정과치과의원,2024-12,0
철도청[치아턱교정치과보험양악수술임플란트미백돌출입안티성형],연세바로치과교정과치과의원,2025-01,0
철도청[치아턱교정치과보험양악수술임플란트미백돌출입안티성형],연세바로치과교정과치과의원,2025-02,0
철도청[치아턱교정치과보험양악수술임플란트미백돌출입안티성형],연세바로치과교정과치과의원,2025-03,0
철도청[치아턱교정치과보험양악수술임플란트미백돌출입안티성형],연세바로치과교정과치과의원,2025-04,0
철도청[치아턱교정치과보험양악수술임플란트미백돌출입안티성형],연세바로치과교정과치과의원,2025-05,0
철도청[치아턱교정치과보험양악수술임플란트미백돌출입안티성형],연세바로치과교정과치과의원,2025-06,0
철도청[치아턱교정치과보험양악수술임플란트미백돌출입안티성형],연세바로치과교정과치과의원,2025-07,0
