postId,post_title,posting_score,exposure_score,score_가독성,score_주제,score_콘텐츠,score_키워드,score_형태소,score_후기/정보,publish_time,content_with_space,content_without_space,morpheme_count,word_count,valid_images,invalid_images,top_category_name,top_category_percentage
223916949266,"화성 동탄역 치과에서 살펴보는 더 빠르게 썩고, 발견도 어려운 2차 충치를 신경치료로 보존한 케이스",준최5-Lv.3,37.71,76.08,58.02,61.58,84.03,28.79,83.00,2025-06-30 19,1811.0,1367.0,360,130,0,7,건강·의학,53.6%
223275478813,치과보존과 전문의 윤민정의 임상 기록 : 네이버 블로그,일반,0.00,0.00,0.00,50.00,79.80,0.00,0.00,,0.0,0.0,0,0,0,0,,
223930304447,오산동 임플란트 염증이 심하고 상악동과의 거리가 가까운 어금니 2개 식립 사례를 치과 원장이 소개 드립니다.,준최5-Lv.3,37.71,74.70,66.63,63.10,78.66,60.70,70.00,2025-07-12 12,1975.0,1504.0,357,158,0,5,건강·의학,56.58%
223926105594,"화성 오산동 충치치료, 이 안쪽이 까맣게 비춰 보인 인접면 우식 레진 수복",준최5-Lv.3,37.71,73.75,68.73,60.76,85.79,62.70,52.00,2025-07-08 14,1730.0,1314.0,351,154,0,5,건강·의학,46.96%
223277112963,동탄 치과 송곳니 충치는 레진으로 당일 치료 !,준최6-Lv.2,48.13,73.94,75.61,68.99,87.91,56.28,84.00,2023-11-28 15,2209.0,1681.0,426,171,0,5,건강·의학,56.63%
223577753077,"""이가 깨졌어요 발치 해야 되나요?""깨진 앞니 레진 수복으로 해결한 케이스 동탄동 치과",준최5-Lv.3,37.71,77.84,67.71,59.89,81.87,64.54,79.00,2024-09-09 13,1643.0,1245.0,307,108,0,4,건강·의학,60.32%
223314621811,동탄2치과 '치수 절단술(pulpotomy)'로 자연치아 살리기,준최5-Lv.3,36.47,75.29,75.29,59.96,81.60,64.97,14.00,2024-01-06 23,1632.0,1237.0,320,121,2,8,건강·의학,51.24%
223298901342,동탄치과 재신경치료 기간 / 과정 / 후기를 담은 글,준최5-Lv.3,36.47,77.60,76.00,59.57,83.26,59.97,70.00,2023-12-20 23,1558.0,1190.0,310,103,2,9,건강·의학,46.39%
223205080746,"""교정 중인데 이가 까맣게 변했어요."" 변색 원인 및 치료 과정 동탄 내이튼 치과",준최5-Lv.3,37.71,77.81,70.22,66.82,81.06,71.52,55.00,2023-09-07 16,1233.0,936.0,249,82,2,3,건강·의학,50.69%
223733898487,앞니 벌어짐 어떤 방법으로 해결할 수 있을까? 동탄2 치과 에서 자연스러운 모습으로 개선한 증례,준최5-Lv.3,37.71,78.91,66.28,59.14,34.12,58.01,13.00,2025-01-27 12,1586.0,1199.0,298,108,2,1,건강·의학,57.92%
223630259710,화성 치과 앞니 신경치료 후 잇몸 변색과 뿌리 염증이 나타났다? 치아 발치 후 브릿지로 해결한 사례,준최5-Lv.3,37.71,76.76,66.74,61.88,83.67,67.82,87.00,2024-10-23 13,1864.0,1402.0,319,119,3,2,건강·의학,52.31%
223357699582,이가 안으로 들어가는 '함입 외상 (Intrusion injury)' 화성 치과 신경치료로 신경 및 혈관 손상 개선,준최5-Lv.3,36.47,75.36,70.56,66.90,79.73,67.88,81.00,2024-02-18 23,2078.0,1566.0,350,132,2,7,건강·의학,59.44%
223469003670,"동탄치과, 보존과 전문의의 재신경치료 과정! 이렇게 해야합니다!",준최5-Lv.3,37.71,76.24,66.81,63.32,81.15,46.93,18.00,2024-06-04 18,1959.0,1499.0,372,144,2,3,건강·의학,53.81%
223278935005,"오래된 아말감과 2차 충치 한 번에 레진 인레이로 교체, 동탄 치과",준최5-Lv.3,37.71,76.74,70.78,73.98,79.96,53.78,90.00,2023-11-30 12,2628.0,1997.0,482,193,1,5,건강·의학,52.71%
223619831819,"치주염으로 인한 앞니 잇몸 퇴축, 치과 에서 치아 브릿지 교체와 치주 치료로 해결한 사례",준최5-Lv.3,37.71,79.88,66.31,59.82,82.77,66.80,16.00,2024-10-15 14,1630.0,1249.0,307,119,1,2,건강·의학,60.11%
223167068424,"타원 발치 진단을 받은 치아, 보존과 전문의의 신경치료로 자연치아 살리기! 동탄치과추천",준최5-Lv.3,37.71,74.80,66.93,60.72,79.72,56.58,21.00,2023-07-26 23,1739.0,1311.0,325,111,1,5,건강·의학,51.06%
223236128970,"""이가 썩은 거 같아요!"" 소구치 인접면, 교합면 동탄 충치치료 과정",준최5-Lv.3,37.71,79.23,71.99,59.38,80.01,57.24,15.00,2023-10-13 23,1563.0,1188.0,311,101,0,4,건강·의학,50.31%
223199107505,"금이 간 어금니, 동탄치과 크랙 치아 신경치료 및 크라운 수복 과정",준최5-Lv.3,37.71,76.04,72.46,69.62,83.29,65.53,16.00,2023-08-31 23,1496.0,1137.0,323,111,1,4,건강·의학,50.94%
223269220996,"잇몸에 가득 찬 염증, 대학병원 가지 않고 화성치과 재신경치료로 개선 완료",준최5-Lv.3,36.47,74.00,69.52,59.38,82.47,58.35,64.00,2023-11-19 23,1529.0,1152.0,327,108,2,6,건강·의학,52.56%
223232140530,미세현미경을 사용한 동탄역치과 고난도 재신경치료 케이스!,준최5-Lv.3,36.47,78.14,76.80,69.09,81.70,56.17,67.00,2023-10-09 21,1480.0,1127.0,289,100,5,5,건강·의학,52.29%
223351549700,,,,,,,,,,,,,,,,,,
223340074448,"동탄역 치과 금(crack)이 간 어금니, 신경치료 (endo) 기간 및 과정에 대한 글",준최5-Lv.3,36.47,75.54,66.60,60.87,83.97,58.26,79.00,2024-01-31 22,1732.0,1305.0,336,131,1,8,건강·의학,52.05%
223129980681,"기존 임플란트 픽스쳐의 파절, 동탄동 치과 재수술로 개선 완료",준최5-Lv.3,37.71,77.93,72.87,62.62,83.39,68.18,85.00,2023-06-15 21,1898.0,1435.0,355,127,2,6,건강·의학,50.96%
223332854160,"동탄역 치과 우측 아래 어금니에 생긴 찌릿한 통증, 원인은 수직 치근 파절?",준최5-Lv.3,37.71,77.14,70.25,60.05,86.25,66.34,68.00,2024-01-24 23,1637.0,1235.0,327,120,3,4,건강·의학,57.59%
223655729530,"동탄동 치과 치아 변색의 원인, 괴사 된 치수로 검고 탁한 앞니 신경치료와 실활치 미백으로 개선 증례",준최5-Lv.3,37.71,80.04,63.97,59.08,83.65,64.57,69.00,2024-11-11 13,1564.0,1173.0,295,111,3,1,건강·의학,54.49%
223627571544,방심한 사이 나타난 치아 옆면 충치균 오산동 치과 에서 레진 치료 방법을 통해서 자연치 보존하기,준최5-Lv.3,37.71,79.93,67.55,59.75,79.62,67.04,74.00,2024-10-21 15,1631.0,1229.0,302,113,0,3,건강·의학,53.03%
223760730069,화성 치과 신경 치료 후 염증이 나타날 수 있다? 발치 후 임플란트를 진행한 사례,준최5-Lv.3,37.71,77.95,68.33,60.85,85.06,65.43,80.00,2025-02-14 17,1743.0,1317.0,327,124,1,4,건강·의학,58.25%
223507701785,치아가 깨졌어요... 깨진 이 동탄역 치과 에서 감쪽같이 만들어드렸습니다.,준최5-Lv.3,37.71,77.26,69.09,59.78,79.57,43.55,80.00,2024-07-10 10,1581.0,1209.0,302,111,2,3,건강·의학,48.07%
223159021007,동탄치과 큐레이를 사용한 정확한 충치 진단 후 레진 수복으로 당일 치료 완료!,준최5-Lv.3,36.47,78.01,65.43,60.46,84.53,63.16,61.00,2023-07-17 23,1670.0,1261.0,334,122,3,4,건강·의학,51.08%
223636574839,골드 인레이를 씌운 어금니가 크랙이 났다? 동탄역 치과 치아 파절로 인한 크라운 수복 사례,준최5-Lv.3,37.71,76.69,67.82,59.68,77.03,61.15,72.00,2024-10-28 12,1617.0,1239.0,301,112,1,2,건강·의학,58.38%
223360812566,"벌어지고 튀어나온 앞니, 동탄역 치과 에서 교정 없이 개선을 도와드렸던 방법은?!",준최5-Lv.3,37.71,76.56,67.60,60.11,85.53,50.84,70.00,2024-02-21 17,1638.0,1234.0,333,117,4,1,건강·의학,53.11%
223363365773,[ 동탄치과추천 ] 치아 수평 치근 파절로 발치 후 즉시 식립 임플란트 2개월 만에 완성,준최5-Lv.3,37.71,76.96,66.38,59.05,84.47,58.15,71.00,2024-02-23 23,1524.0,1158.0,307,108,1,6,건강·의학,58.58%
223367609103,동탄2치과 충치를 예방할 수 있는 어린이 실란트 (치아 홈 메우기)의 중요성!,준최5-Lv.3,37.71,74.78,70.94,69.04,78.63,56.65,68.00,2024-02-28 10,1413.0,1060.0,301,95,4,2,건강·의학,43.7%
223660476078,오산동 치과 아랫니 유치 잔존으로 영구치가 자라지 않았다? 앞니 브릿지로 심미 개선한 케이스,준최5-Lv.3,37.71,77.95,63.71,60.51,86.52,66.33,72.00,2024-11-14 16,1682.0,1281.0,308,118,4,2,건강·의학,55.56%
223682403570,검진 중 발견한 어금니 레진 깨짐과 치아 내부 충치 오산동 치과 에서 골드 인레이로 깔끔하게 해결한 증례,준최5-Lv.3,37.71,78.29,66.29,59.63,75.86,66.49,74.00,2024-12-04 15,1616.0,1228.0,280,109,0,4,건강·의학,49.03%
223707076590,외상으로 인한 치아 끝 깨짐과 앞니 잇몸 통증 동탄 치과 에서 어떤 방법으로 해결했을까?,준최5-Lv.3,37.71,79.64,65.41,61.30,78.95,66.31,11.00,2024-12-27 17,1796.0,1359.0,318,122,3,2,건강·의학,60.48%
223431220382,"오산동 치과 교정 후 검게 변한 앞니, 신경치료 및 실활치 미백으로 개선 완료",준최5-Lv.3,37.71,75.53,68.65,60.50,85.63,62.05,74.00,2024-04-29 22,1696.0,1272.0,325,106,2,3,건강·의학,44.07%
223156065790,"수직 치근 파절 (Vertical root fracture)이 나타난 작은 어금니, 동탄 임플란트 로 개선을 도와드렸습니다!",준최5-Lv.3,37.71,74.31,67.34,67.50,85.01,66.20,83.00,2023-07-14 14,2113.0,1602.0,383,134,0,11,건강·의학,58.27%
223462135488,"동탄역 치과 ""어른 유치, 작은 어린이 치아 이대로 괜찮을까요??""",준최5-Lv.3,36.47,78.03,72.78,68.92,88.07,65.59,59.00,2024-05-29 12,1435.0,1093.0,289,97,7,1,건강·의학,54.91%
223401398737,"동탄치과 추천 받고 오셨던 분의 후기, 치수 괴사 신경치료 / 치관 파절 임플란트",준최5-Lv.3,36.47,77.50,70.86,61.68,82.98,61.07,77.00,2024-03-31 22,1801.0,1352.0,349,118,0,8,건강·의학,62.11%
223245500936,미세현미경으로 숨은 근관 찾기! 동탄역치과 MB2 고난도 신경치료 과정,준최5-Lv.3,37.71,76.90,67.89,66.88,83.24,56.37,39.00,2023-10-24 19,1192.0,904.0,259,89,0,5,건강·의학,49.62%
223356020737,어금니 인레이 밑으로 생긴 충치 때문에 염증이 상악동까지 퍼졌다?! 동탄호수공원치과,준최5-Lv.3,36.47,75.91,65.76,60.39,79.03,56.46,72.00,2024-02-16 22,1685.0,1276.0,324,110,6,3,건강·의학,49.17%
223367277748,"치아 옆면에 생긴 충치, 인접면 우식의 위험성! 동탄역 치과",준최5-Lv.3,37.71,77.63,72.93,68.76,81.53,58.89,56.00,2024-02-27 23,1380.0,1041.0,282,112,0,5,건강·의학,47.9%
223260606003,신경치료를 받았던 앞니 색이 변했어요. 동탄치과 실활치 미백(walking bleach) 과정,준최5-Lv.3,36.47,75.28,67.63,67.01,78.57,57.21,66.00,2023-11-09 23,1193.0,907.0,262,84,6,2,건강·의학,53.54%
223133332263,'이 사이가 벌어졌어요.' 오산동 치과 레진 당일 수복 증례 (앞니 다이아스테마_Diastema),준최5-Lv.3,37.71,76.44,67.69,63.36,81.92,67.37,84.00,2023-06-19 22,1976.0,1492.0,379,126,4,4,건강·의학,56.87%
223732797065,치주 질환에 의해 내려간 잇몸 동탄 치과 에서 임플란트와 신경치료를 진행한 증례,준최5-Lv.3,37.71,76.73,67.88,62.47,80.88,62.15,78.00,2025-01-21 15,1919.0,1451.0,320,144,5,1,건강·의학,60.66%
223127778693,"정기검진, 이렇게나 중요합니다! 동탄 내이튼 치과",준최5-Lv.3,36.47,75.91,75.41,67.35,77.23,50.32,85.00,2023-06-13 16,2071.0,1582.0,402,135,3,7,건강·의학,44.81%
223307057929,"이차 충치로 잔존 치질이 얼마 남지 않은 곳, 자연치를 살릴 수 있었을까? 동탄치과",준최6-Lv.2,46.89,79.23,67.70,61.81,79.70,55.41,91.00,2023-12-29 23,1818.0,1353.0,346,115,2,8,건강·의학,46.7%
223132361960,동탄 신경치료 이왕이면 보존과 전문의에게 받는 것이 좋지 않을까요?,준최5-Lv.3,37.71,78.00,69.56,62.29,79.31,57.88,82.00,2023-06-18 23,1876.0,1426.0,362,116,0,7,건강·의학,40.82%
223215122462,"""예전에 치료받았던 곳이 너무 아파요."" 얼굴까지 붓기가 이어졌던 원인은? 동탄치과 농양 제거 과정",준최5-Lv.3,36.47,76.38,64.78,67.82,77.40,57.71,65.00,2023-09-18 21,1349.0,1016.0,257,101,3,4,건강·의학,65.12%
223724665134,신경치료 후 크라운 이후 앞니 치아 변색이 일어난 이유는? 동탄 치과 에서 실활치 미백으로 해결한 케이스,준최5-Lv.3,37.71,80.55,65.72,59.73,82.30,65.03,7.00,2025-01-13 18,1643.0,1246.0,293,117,3,1,건강·의학,57.21%
223572003924,동탄역 치과 염증으로 인한 앞니 통증을 치근단절제술으로 해결한 사례,준최5-Lv.3,37.71,78.00,68.45,59.64,85.12,59.87,91.00,2024-09-04 14,1617.0,1234.0,291,113,1,3,건강·의학,51.47%
223869870358,화성 치과 급성 치수염 증상 및 신경치료 과정을 살펴봅시다.,준최5-Lv.3,36.47,73.33,71.00,60.35,82.06,59.56,50.00,2025-05-18 23,1683.0,1277.0,324,134,8,3,건강·의학,62.25%
223330672507,"""잇몸 색이 까맣게 변했어요."" 동탄호수공원 치과 재신경치료, 크라운 과정",준최5-Lv.3,37.71,76.90,68.89,58.70,82.99,60.54,63.00,2024-01-22 23,1506.0,1140.0,300,104,4,3,건강·의학,61.9%
223598756784,동탄2치과 교정치료 후 치아 뿌리 흡수로 인한 흔들림 앞니 발치 당일 임플란트 식립으로 빠르게 해결해 드렸습니다.,준최5-Lv.3,37.71,78.73,66.63,61.52,78.54,59.30,75.00,2024-09-27 17,1820.0,1380.0,322,129,2,3,건강·의학,56.14%
223757805212,"동탄2 치과 엔도를 받은 뒤에 찾아온 치아 뿌리 염증 통증, 재신경치료 후 치근단 절제술을 진행한 케이스",준최5-Lv.3,37.71,79.35,67.96,61.68,74.92,62.35,89.00,2025-02-12 12,1851.0,1411.0,316,116,3,2,건강·의학,46.76%
223556089501,"틀니 통증으로 고난이도 윗니 전체 임플란트 진행하신 70대 환자 케이스, 의료보험 기준은? 화성 치과추천",준최5-Lv.3,36.47,75.03,67.70,67.09,79.41,63.48,81.00,2024-08-21 22,2050.0,1579.0,377,133,6,3,건강·의학,57.33%
223692083052,앞니 잇몸 내려앉음으로 오산동 치과 에서 지르코니아 크라운 교체 과정을 거친 증례,준최5-Lv.3,37.71,75.44,69.12,58.90,79.00,65.26,76.00,2024-12-13 11,1527.0,1163.0,294,125,2,2,건강·의학,50.5%
223629030784,동탄역 치과 앞니 끝 깨짐으로 인한 치아 벌어짐 라미네이트와 레진 치료를 통해 심미 회복하기,준최5-Lv.3,37.71,77.29,67.97,60.22,83.56,63.81,69.00,2024-10-22 16,1662.0,1268.0,305,128,2,1,건강·의학,52.53%
223432011619,"동탄역 치과 에서 오래된 PFM 제거 후, 심미적인 지르코니아 크라운을 씌워드렸습니다. (앞니 심미보철 제작 과정)",준최5-Lv.3,37.71,75.65,67.91,69.52,81.05,58.50,69.00,2024-04-30 16,1497.0,1133.0,310,109,3,1,건강·의학,57.47%
223269940028,"동탄역 치과 ""신경치료받았던 치아가 다시 아파요"" 부근관 발견 및 치료 성공 사례",준최5-Lv.3,36.47,77.69,69.26,67.62,86.98,59.01,9.00,2023-11-20 17,1250.0,945.0,282,106,6,4,건강·의학,57.52%
223457546240,"동탄역 치과 세라믹 인레이 파절, 튼튼한 어금니 골드 보철로 재수복을 도와드렸습니다🦷",준최5-Lv.3,37.71,74.19,68.86,58.68,85.39,66.91,68.00,2024-05-24 22,1507.0,1130.0,311,105,0,4,건강·의학,49.13%
223623932986,엔도 후 씌운 치아에 다시 통증이 느껴진다? 동탄동 치과 에서 어금니 재신경치료를 통해 해결한 사례,준최5-Lv.3,37.71,77.58,66.75,59.72,76.68,61.36,70.00,2024-10-19 12,1640.0,1254.0,302,102,3,1,건강·의학,52.38%
223829595540,"잇몸에 물집 , 염증 덩어리 의심해 볼 수 있습니다 동탄동 치과 치근단 병소 치료 과정",준최5-Lv.3,37.71,76.35,68.21,61.00,82.74,64.28,83.00,2025-04-11 12,1751.0,1348.0,294,136,4,2,건강·의학,61.07%
223139566281,기존 임플란트가 흔들리는 이유는 무엇일까? 미세현미경을 사용한 화성치과 나사 제거 및 재보철 증례,준최5-Lv.3,37.71,78.18,64.41,60.61,78.59,59.45,83.00,2023-06-26 22,1693.0,1293.0,326,107,5,3,건강·의학,57.58%
223415500360,화성치과 포스트 제거 후 재신경치료 과정 보존과 전문의는 어떤 게 다를까?,준최5-Lv.3,37.71,76.70,68.61,61.23,85.37,64.29,78.00,2024-04-14 23,1777.0,1352.0,327,111,0,7,건강·의학,44.44%
223394713508,앞니를 부딪혔는데 잇몸이 붓고 아파요. 동탄호수공원치과 심미 브릿지 제작 과정,준최5-Lv.3,37.71,78.71,68.93,67.92,81.40,56.59,62.00,2024-03-25 16,1296.0,988.0,288,103,0,5,건강·의학,62.16%
223262947643,"치아 사이에 생긴 인접면 충치, 조기에 발견할 수 있는 방법 및 동탄치과 치료 과정",준최5-Lv.3,36.47,78.70,70.10,62.45,81.49,59.44,17.00,2023-11-12 23,1877.0,1423.0,365,140,14,4,건강·의학,44.14%
223667579753,동탄동 치과 앞니 신경치료 후 치아 뿌리 염증과 통증 해결 과정,준최5-Lv.3,37.71,78.60,72.80,60.14,86.32,67.88,77.00,2024-11-20 18,1688.0,1278.0,292,107,3,3,건강·의학,54.82%
223302785170,'3년 전 치료받았던 곳이 아파요.' 화성 치과 미세현미경으로 MB2 신경관 찾기,준최5-Lv.3,37.71,78.79,68.61,67.08,81.95,59.66,28.00,2023-12-25 19,1199.0,908.0,263,83,2,1,건강·의학,48.82%
223793510515,덜 성장한 치아 뿌리 자라도록 유도하는 치근단형성술 오산동 치과 에서 알려드리겠습니다!,준최5-Lv.3,36.47,77.40,66.72,66.62,78.97,64.39,88.00,2025-03-12 16,2019.0,1543.0,370,164,1,7,건강·의학,56.47%
223553485165,"상악동 거상술을 동반한 임플란트 식립, 술식과 방법은? 동탄 치과추천",준최5-Lv.3,37.71,74.44,65.91,66.89,80.78,59.46,80.00,2024-08-19 20,2063.0,1571.0,355,124,2,2,건강·의학,55.22%
223335804761,"'앞니가 벌어졌어요!' 동탄치과추천 받고 오셨던 분, 레진 당일 수복 과정",준최5-Lv.3,37.71,75.14,70.60,59.03,83.12,60.47,68.00,2024-01-27 23,1533.0,1147.0,297,104,0,3,건강·의학,56.36%
223405640599,"올바른 치료의 중요성, 동탄호수공원치과 앞니 지르코니아 크라운 심미보철 제작 과정",준최5-Lv.3,37.71,76.39,69.07,58.84,78.25,57.01,72.00,2024-04-04 15,1527.0,1160.0,289,112,0,7,건강·의학,58.05%
223423945234,"어린이 앞니 외상 치료, 보존과 전문의가 있는 화성 치과 에서 자연치아를 살려드렸습니다🦷",준최5-Lv.3,37.71,78.18,68.18,69.15,83.75,66.79,7.00,2024-04-22 23,1489.0,1123.0,314,100,1,3,건강·의학,50%
223186535780,"""어금니가 시큰거리고 아파요."" 동탄역치과 소구치 신경치료 및 크라운 수복 과정",준최5-Lv.3,37.71,76.26,67.17,69.00,82.24,55.69,75.00,2023-08-17 23,1429.0,1080.0,302,103,2,3,건강·의학,63.87%
223704336524,이차 우식이 나타나는 이유는 무엇일까? 오산동 치과 에서 어금니 충치 레진으로 다시 수복한 과정,준최5-Lv.3,37.71,77.46,64.60,59.51,77.63,63.15,62.00,2024-12-25 12,1595.0,1207.0,291,107,1,2,건강·의학,55.45%
223236771862,동탄역치과 톡 벌어진 앞니 다이아스테마(diastema) 레진으로 당일 수복을 도와드렸습니다.,준최5-Lv.3,36.47,78.61,67.03,69.05,79.64,57.80,18.00,2023-10-14 22,1437.0,1099.0,310,104,5,4,건강·의학,52.8%
223459255522,"동탄치과 금(crack)이 간 어금니, 신경치료로 자연치아 살리기🦷",준최5-Lv.3,37.71,75.69,67.45,60.48,83.39,54.83,64.00,2024-05-26 23,1707.0,1288.0,330,119,3,4,건강·의학,55.38%
223364978339,"상악 전치부 치조골 흡수, 뼈이식을 동반한 동탄 임플란트 식립 과정!",준최5-Lv.3,36.47,75.18,65.70,59.08,85.02,64.33,79.00,2024-02-25 23,1510.0,1135.0,307,113,9,2,건강·의학,54.88%
223386498335,앞니 발치 후 즉시 식립 임플란트 오산동 치과 에서는 당일 임시치아 세팅이 가능합니다👍,준최5-Lv.3,37.71,76.70,75.09,68.20,84.25,63.99,45.00,2024-03-17 23,1369.0,1026.0,291,109,0,7,건강·의학,50.6%
223155543711,"""앞니 하나가 안쪽으로 들어가 있어요!"" 동탄치과추천 받고 오셨던 분 전치부 레진 수복 증례",준최5-Lv.3,37.71,76.08,68.64,61.17,83.34,59.57,23.00,2023-07-13 23,1757.0,1329.0,342,114,0,8,건강·의학,58.95%
223816356433,"인레이 치료 후 발생할 수 있는 문제( 충치 , 치아 파절 ) 동탄역 치과 에서 원인과 해결 방법 알아봅시다!",준최5-Lv.3,36.47,76.75,68.00,63.17,84.65,71.03,98.00,2025-03-31 17,1973.0,1513.0,347,156,4,4,건강·의학,55.27%
223589964130,"""아파서 중간에 중단했어요 다시 받고 싶어요""동탄치과 추천에서 통증 없이 앞니 재신경치료한 사례",준최5-Lv.3,37.71,77.80,63.16,59.60,79.20,58.01,81.00,2024-09-20 14,1640.0,1246.0,298,102,3,3,건강·의학,61.8%
223821931245,잇몸에 고름주머니 생겼다면 치아 뿌리 끝 염증이 원인일 수 있습니다 화성 치과 에서 치근단 절제술 치료 과정 알아봅시다.,준최5-Lv.3,37.71,76.01,66.04,62.41,76.04,67.23,85.00,2025-04-04 13,1886.0,1473.0,317,151,2,5,건강·의학,60.15%
223646411050,갑자기 잇몸에 통증이 느껴진다? 화성 치과에서 흔들리는 치아 신경치료를 통해 해결한 진료과정,준최5-Lv.3,37.71,78.83,68.25,60.59,77.29,57.58,76.00,2024-11-04 15,1726.0,1316.0,309,122,0,4,건강·의학,56.8%
223220535699,오산동치과 에서 알려드리는 root crack(치근 파절) 치료 과정,준최5-Lv.3,37.71,75.03,71.48,67.03,85.78,65.92,39.00,2023-09-24 23,1189.0,901.0,256,92,4,1,건강·의학,56.34%
223299941436,"작은 어금니 (소구치) 파절, 오산동 치과 임플란트는 2개월 만에 끝난다?",준최5-Lv.3,37.71,77.13,65.28,69.47,88.84,61.81,71.00,2023-12-21 23,1493.0,1121.0,325,100,3,3,건강·의학,56.67%
223285021905,"동탄역치과 앞니 벌어짐, 라미네이트 수복 장, 단점 및 치료 과정",준최5-Lv.3,36.47,75.93,71.29,67.48,81.20,62.25,87.00,2023-12-06 21,2093.0,1577.0,406,132,13,5,건강·의학,55.02%
223384532317,동탄 치과 추천 타원에서 식립 불가하여 앞니 뼈이식 임플란트 받으러 오셨던 증례를 함께 볼까요?,준최5-Lv.3,37.71,79.56,65.96,60.37,83.46,61.33,87.00,2024-03-15 17,1694.0,1276.0,324,107,5,2,건강·의학,62.43%
223642862146,동탄역 치과 인레이 속에서 다시 찾아온 충치의 원인? 재수복 한 과정,준최5-Lv.3,37.71,79.26,70.26,59.74,85.81,60.94,72.00,2024-11-01 17,1673.0,1261.0,286,110,1,2,건강·의학,54.55%
223717371151,동탄역 치과 충치가 깊게 진행된 치아 신경치료 없이 치수 복조술을 통해서 자연치를 보존한,준최5-Lv.3,37.71,79.28,70.03,58.96,84.76,59.81,74.00,2025-01-07 14,1545.0,1169.0,300,114,3,4,건강·의학,56.41%
223287134538,[ 동탄역 치과 ] 충치 검진 및 아말감 교체 당일 레진 수복 과정,준최5-Lv.3,36.47,77.08,72.57,59.03,87.80,79.59,17.00,2023-12-08 22,1523.0,1159.0,311,99,2,8,건강·의학,51.88%
223684387892,신경치료 후 크라운까지 씌웠는데 염증이 나타났다? 동탄 치과 에서 치조골 이식술을 동반한 치아 발치 후 임플란트 치료 사례,준최5-Lv.3,37.71,77.36,64.17,59.56,82.84,63.72,73.00,2024-12-06 10,1614.0,1212.0,301,109,2,4,건강·의학,59.28%
223447775141,"앞니 보철에 생긴 염증, '치아가 별로 남지 않았다면?' 동탄역 치과 발치 즉시 임플란트 식립 과정",준최5-Lv.3,37.71,75.50,67.85,62.81,78.10,61.64,78.00,2024-05-15 21,1927.0,1449.0,359,131,0,4,건강·의학,60.36%
223181472820,극심한 통증의 원인은 무엇일까? 급성치수염 치료 과정 화성치과추천,준최5-Lv.3,37.71,74.80,71.71,69.27,83.91,58.63,59.00,2023-08-11 23,1465.0,1127.0,301,117,2,4,건강·의학,56.5%
223239313976,"굽어 있는 C형 근관을 갖고 있던 분, 보존과 전문의의 동탄신경치료 치아 흔들림 개선 완료.",준최5-Lv.3,37.71,76.56,69.76,68.67,82.24,54.64,63.00,2023-10-17 19,1391.0,1059.0,287,98,1,7,건강·의학,46.75%
223695000182,동탄동 치과 심한 잇몸 퇴축으로 인한 흔들리는 치아들 임플란트 치료 과정을 통해 개선한 케이스,준최5-Lv.3,37.71,79.99,64.88,59.85,77.50,61.49,73.00,2024-12-16 11,1624.0,1244.0,303,118,2,3,건강·의학,59.09%
223442936737,골드 인레이 탈락 및 원심 충치로 동탄역 치과 에서 보철 재수복 진행😊,준최5-Lv.3,37.71,76.15,67.23,60.50,79.94,65.62,71.00,2024-05-10 22,1681.0,1263.0,340,110,0,6,건강·의학,51.72%
223149973455,"""이가 떨어졌어요!"" 화성 오산동 치과 발치 후 즉시식립 임플란트",준최5-Lv.3,36.47,75.50,74.57,60.78,89.35,69.47,73.00,2023-07-07 23,1719.0,1307.0,334,112,0,10,건강·의학,50.53%
223713604505,치조골 흡수로 틀니가 흔들린다면? 동탄동 치과 에서 오버덴쳐로 해결한 케이스,준최5-Lv.3,37.71,78.86,71.57,60.20,76.39,63.42,76.00,2025-01-03 14,1669.0,1274.0,299,126,2,3,건강·의학,61.57%
223767379681,"화성 치과 파절된 치외치로 인한 치아 뿌리 염증, 치근단 형성술 받은 케이스",준최5-Lv.3,37.71,77.74,69.59,59.97,80.82,68.10,76.00,2025-02-20 15,1623.0,1234.0,298,112,3,2,건강·의학,56.98%
223235174542,Injection moulding technique 을 사용한 변색되고 벌어진 앞니 치료 동탄치과추천,준최5-Lv.3,36.47,76.90,68.85,59.70,85.35,57.04,19.00,2023-10-12 23,1595.0,1220.0,326,104,13,3,건강·의학,50%
223776270808,화성 치과 치아 뿌리 끝 형성된 염증 앞니 재신경치료 후 크라운 수복으로 다시 한번 보존하기,준최5-Lv.3,37.71,81.60,67.95,60.51,85.52,67.09,89.00,2025-02-27 12,1710.0,1298.0,316,124,0,5,건강·의학,48.53%
223451837108,"동탄역 치과 ""앞니 사이가 벌어졌어요!"" 레진을 사용한 당일 치료 증례😮",준최5-Lv.3,37.71,74.44,68.39,59.24,83.23,64.84,67.00,2024-05-19 23,1562.0,1166.0,319,90,0,4,건강·의학,54.91%
223747165682,화성 치과 엔도 중 충전재가 제대로 채워지지 않았다면? 어금니 재 신경치료 과정,준최5-Lv.3,37.71,78.81,67.83,59.16,78.58,66.41,78.00,2025-02-04 11,1587.0,1205.0,291,106,1,4,건강·의학,51.34%
223489831119,"오산동 치과, 재신경 치료는 보존과 전문의한테 제대로 받으세요.",준최5-Lv.3,37.71,78.95,70.71,59.65,77.99,61.27,13.00,2024-06-24 19,1619.0,1230.0,310,85,2,3,건강·의학,46.63%
223223930971,"이차우식이 나타난 크라운, 오산동치과 에서는 어떤 방법으로 치료를 도와드렸을까?",준최5-Lv.3,37.71,77.64,70.67,59.42,81.23,57.53,76.00,2023-09-28 18,1573.0,1204.0,313,111,3,3,건강·의학,48.02%
223374858437,"동탄역 치과 ""다른 곳에서는 뽑으라 하던데..."" 재 신경치료 성공 사례",준최5-Lv.3,37.71,78.55,69.31,69.29,82.07,59.06,68.00,2024-03-06 12,1466.0,1117.0,295,110,0,5,건강·의학,62.29%
223810366687,앞니 크라운 모양이 마음에 들지 않는다면 동탄동 치과 에서 자연스러운 지르코니아 보철 재제작 과정 알려드리겠습니다.,준최5-Lv.3,37.71,77.31,66.67,66.94,78.37,66.41,83.00,2025-03-26 12,2058.0,1576.0,361,167,3,1,건강·의학,53.82%
223764799450,동탄역 치과 앞니 끝 깨짐으로 인해 라미네이트를 수복한 사례,준최5-Lv.3,37.71,78.38,74.95,58.60,88.14,58.93,9.00,2025-02-18 14,1505.0,1134.0,287,111,4,0,건강·의학,52.15%
223291925999,"'조직 괴사로 퍼진 치근단 염증, 자연치를 살릴 수 있을까?' 동탄 신경치료 잘하는 곳",준최5-Lv.3,37.71,74.86,66.57,60.77,78.88,59.76,69.00,2023-12-13 22,1705.0,1290.0,348,123,2,4,건강·의학,57.22%
223296314242,"""앞니 보철이 빠졌어요."" 동탄역 치과 임플란트 4개월간의 과정",준최5-Lv.3,37.71,79.51,69.93,59.15,83.76,59.67,67.00,2023-12-18 15,1527.0,1151.0,311,102,4,0,건강·의학,55.69%
223170676817,"금이 간 crack 치아, 신경치료를 해도 재발할 수 있다? 화성치과 임상 증례",준최5-Lv.3,36.47,78.36,66.98,60.40,82.42,57.06,66.00,2023-07-31 11,1699.0,1283.0,314,109,3,4,건강·의학,58.16%
223388504430,"""앞니 썩은 곳도 많고 모양도 마음에 안 들어요."" 동탄역 치과추천 받고 오셨던 전치부 브릿지 제작 과정",준최5-Lv.3,37.71,73.93,67.15,58.66,76.72,59.28,41.00,2024-03-19 17,1523.0,1142.0,292,97,3,1,건강·의학,51.22%
223749543549,동탄역 치과 어금니 잇몸 내려앉음이 있는 치아 결손 케이스 골이식을 동반하여 임플란트 식립 한 과정,준최5-Lv.3,37.71,76.59,68.68,60.64,84.99,66.18,81.00,2025-02-06 10,1722.0,1305.0,306,108,2,4,건강·의학,55.56%
223474913313,밥 먹을 때 치아가 아프다면? 치아 뿌리에 염증이 생겼을 수도 있습니다. 치근단 절제술 과정 오산동 치과,준최5-Lv.3,37.71,78.16,64.20,61.96,77.22,64.00,83.00,2024-06-10 17,1805.0,1386.0,341,118,0,5,건강·의학,51.92%
223669908658,육안으로 잘 보이지 않는 인접면 충치? 동탄 치과 에서 세라믹 인레이로 깔끔하게 해결한 사례,준최5-Lv.3,37.71,77.61,66.35,59.88,81.41,55.86,72.00,2024-11-22 21,1656.0,1241.0,296,127,1,4,건강·의학,51.16%
223316483238,"""선생님! 앞니가 심하게 썩었어요."" 동탄역 치과 전치부 임플란트&심미보철 케이스",준최5-Lv.3,36.47,76.44,68.70,69.42,79.71,54.02,67.00,2024-01-08 22,1486.0,1123.0,297,106,7,2,건강·의학,57.83%
223336576172,"70대 앞니 부러짐, 환자의 상황을 고려한 동탄치과 전치부 브릿지 수복!",준최5-Lv.3,37.71,77.08,67.59,68.11,78.73,59.84,31.00,2024-01-28 23,1317.0,999.0,281,99,2,2,건강·의학,52.53%
223726806244,동탄2치과 어금니 잇몸 퇴축으로 임플란트 상악동 거상술 측방접근법을 시행한 증례,준최5-Lv.3,37.71,77.03,65.09,62.14,82.01,60.33,77.00,2025-01-15 16,1858.0,1423.0,323,132,2,4,건강·의학,57.01%
223580589189,"오산동 치과, 발치한 당일 아래 어금니 임플란트를 심을 수 있다?",준최5-Lv.3,37.71,76.71,70.31,60.72,85.34,65.16,84.00,2024-09-17 12,1723.0,1312.0,289,121,2,2,건강·의학,55.95%
223167739697,"식립 공간이 모자란 앞니, 어떻게 개선을 도와드렸을까? 동탄임플란트",준최5-Lv.3,36.47,75.59,67.91,62.62,80.96,55.99,83.00,2023-07-27 17,1907.0,1456.0,334,133,7,2,건강·의학,54.7%
223195081339,뿌리 끝 염증이 생기는 원인은 무엇일까? 동탄치과추천,준최5-Lv.3,37.71,76.84,77.31,61.47,81.24,57.91,20.00,2023-08-27 23,1794.0,1348.0,332,121,2,1,건강·의학,60%
223410586957,치료 순서를 정하는 것도 중요하다?! 동탄동 치과 교정 및 전치부 브릿지 수복 과정,준최5-Lv.3,36.47,75.54,67.52,58.91,81.14,68.63,66.00,2024-04-09 17,1514.0,1140.0,310,102,0,8,건강·의학,55.42%
223538287634,"화성 치과 치아 신경치료 후 통증, 재신경치료로 보존해서 오래 사용하실 수 있도록 도와드렸습니다.",준최5-Lv.3,37.71,75.21,63.24,66.86,85.89,62.69,92.00,2024-08-06 13,2038.0,1554.0,357,135,1,5,건강·의학,56.49%
223567150315,"""선생님 앞니가 깨졌어요."" 동탄2 치과 앞니 레진 수복으로 당일 치료 진행 과정",준최5-Lv.3,37.71,74.90,70.42,69.41,79.18,70.90,75.00,2024-08-31 10,1494.0,1124.0,312,105,2,2,건강·의학,55.49%
223426266336,"동탄역 치과 ""잇몸이 붓고 흔들려요."" 치주염 및 매복 사랑니를 동반하고 있었던 분, 가이드 임플란트 식립 과정",준최5-Lv.3,37.71,75.29,68.42,59.96,84.62,61.77,72.00,2024-04-24 23,1644.0,1244.0,328,124,0,7,건강·의학,56.54%
223170259404,화성치과추천 받고 왔어요. 앞니가 깨졌는데.. 치료받을 수 있을까요? (라미네이트 임상 증례),준최5-Lv.3,37.71,78.46,64.75,60.70,81.11,54.22,13.00,2023-07-30 22,1688.0,1271.0,340,107,3,1,건강·의학,61.76%
223329529682,"동탄북광장치과 '잇몸에 생긴 큰 고름, 원인은 채워지지 않은 근관?'",준최5-Lv.3,37.71,75.16,72.93,68.60,80.03,57.86,64.00,2024-01-21 23,1357.0,1032.0,294,109,1,4,건강·의학,43.59%
223398163987,"동탄2목동치과 어둡게 변한 앞니, 발치 후 즉시 식립 임플란트를 할 수밖에 없었던 이유",준최5-Lv.3,37.71,75.36,69.29,59.17,78.25,59.33,71.00,2024-03-28 14,1562.0,1186.0,295,103,0,6,건강·의학,47.7%
223472120224,"신경 치료 동탄 치과, 미루면 더 아파질 뿐입니다.",준최5-Lv.3,37.71,76.88,69.11,61.58,83.01,33.64,18.00,2024-06-07 17,1780.0,1361.0,341,115,3,2,건강·의학,49.49%
223688912947,,,,,,,,,,,,,,,,,,
223195081723,동탄치과 발치 후 즉시 식립 임플란트로 어금니 이차우식 개선 완료!,준최5-Lv.3,37.71,73.63,73.65,58.82,86.68,60.75,71.00,2023-08-27 23,1503.0,1133.0,297,99,3,1,건강·의학,58.75%
223827530915,앞니가 깨졌을 때 대처법 동탄 치과 에서 알아보는 레진 수복 치료,준최5-Lv.3,37.71,78.69,69.72,62.50,83.52,70.18,90.00,2025-04-09 16,1924.0,1456.0,349,140,0,5,건강·의학,56.7%
223736985385,오산동 치과 치근만 남은 앞니 파절 신경치료 후 크라운을 통해 되찾은 사례,준최5-Lv.3,36.47,78.08,65.64,61.61,81.81,53.52,79.00,2025-01-29 14,1825.0,1391.0,331,133,4,4,건강·의학,56.94%
223147720485,임플란트 주위염이 생겼다?! 동탄역 치과 에서 어떻게 개선을 도와드렸을까?,준최5-Lv.3,36.47,75.25,70.76,67.56,83.33,58.39,19.00,2023-07-05 17,2092.0,1599.0,399,122,0,9,건강·의학,57.56%
223461648342,"동탄2치과 앞니 파절 및 비심미적인 형태, 지르코니아 크라운으로 개선 완료👏🏻",준최5-Lv.3,37.71,75.83,65.42,59.05,81.58,62.19,18.00,2024-05-28 23,1526.0,1145.0,322,95,0,5,건강·의학,54.67%
223773517706,동탄역 치과 어금니 충치으로 레진과 세라믹 인레이를 수복한 과정,준최5-Lv.3,36.47,81.99,71.71,59.26,84.58,59.82,11.00,2025-02-25 19,1569.0,1186.0,290,112,0,8,건강·의학,53.93%
223773517706,동탄역 치과 어금니 충치으로 레진과 세라믹 인레이를 수복한 과정,준최5-Lv.3,36.47,81.99,71.71,59.26,84.58,59.82,11.00,2025-02-25 19,1569.0,1186.0,290,112,0,8,건강·의학,53.93%
223595953482,동탄 치과 깊게 파고드는 충치 인레이 치료 과정을 통해 자연치 살리기,준최5-Lv.3,37.71,78.26,69.69,59.44,87.76,66.91,10.00,2024-09-25 14,1601.0,1221.0,307,117,0,4,건강·의학,54.63%
223620072636,자연스러운 모습으로 왜소치를 해결하고 싶다면? 동탄 치과 라미네이트 치료 사례,준최5-Lv.3,37.71,77.83,66.68,60.25,78.96,61.45,61.00,2024-10-17 12,1659.0,1270.0,301,111,4,1,건강·의학,55.43%
223836024559,인레이 깨짐 또는 빠졌을 때 원인과 해결책 오산동 치과 에서 알아봅시다.,준최5-Lv.3,37.71,77.81,64.17,61.44,83.49,42.35,86.00,2025-04-16 18,1806.0,1380.0,333,147,0,4,건강·의학,53.78%
223264573936,"어금니 충치 제거 중 드러난 치수 조직, 동탄역 치과 에서 어떻게 개선을 도왔을까?",준최5-Lv.3,37.71,76.76,65.00,68.40,83.44,62.31,15.00,2023-11-14 16,1332.0,1004.0,299,110,0,4,건강·의학,48.13%
223453337978,"동탄2치과 잇몸 염증, 나아가 자연치 탈락의 원인이 될 수 있다? 전악 임플란트 수복 케이스✨",준최5-Lv.3,37.71,76.56,66.03,68.93,80.76,60.45,92.00,2024-05-21 10,2227.0,1683.0,389,130,4,2,건강·의학,51.95%
223672012238,화성 소재지에 있는 치과 에서 치아 뿌리 끝 염증으로 인해 신경치료 후 크라운을 진행했던 케이스,준최5-Lv.3,37.71,75.05,66.03,58.41,78.84,57.46,4.00,2024-11-25 11,1502.0,1145.0,277,109,1,3,건강·의학,54.3%
223838896283,"초기 충치 방치하면 벌어지는 일, 동탄 치과 에서 인접면 우식 진행과 치료 과정으로 알아보는 조기 대처의 중요성.",준최5-Lv.3,36.47,78.09,66.86,62.15,79.47,66.87,93.00,2025-04-18 16,1857.0,1440.0,318,151,3,5,건강·의학,50%
223319741081,,,,,,,,,,,,,,,,,,
223652586578,상악동 거상술 술식 측방 접근법을 통해 안전하게 임플란트 재식립 한 사례 동탄역 치과,준최5-Lv.3,37.71,76.43,69.84,61.60,84.81,60.58,74.00,2024-11-08 19,1830.0,1383.0,304,119,0,5,건강·의학,56.73%
223855422665,화성 동탄역 치과 에서 알려드리는 임플란트 까지 이어질 수 있는 '수직 치근 파절',준최5-Lv.3,37.71,77.21,67.88,61.46,84.47,51.43,65.00,2025-05-05 10,1800.0,1358.0,360,131,3,4,건강·의학,56.25%
223221503683,"동탄치과추천 치근 파절, 조기 발견이 왜 어려운 걸까?",준최5-Lv.3,38.35,78.86,73.79,67.27,89.01,63.61,35.00,2023-09-25 22,1243.0,946.0,264,90,0,1,건강·의학,53.79%
223273627729,동탄 치과 에서 임플란트 주위 염증으로 흔들림 후 재수술까지 신중하게,저품질1,0.00,76.56,69.95,67.83,83.50,61.25,86.00,2023-11-24 13,2114.0,1621.0,395,149,2,5,건강·의학,58.85%
223493106667,"동탄역 치과 , 치주 질환 신속히 치료받지 않으면 치아를 뽑아야 될 수 있습니다.",준최5-Lv.3,36.47,77.33,64.76,59.98,85.52,57.91,17.00,2024-06-27 14,1645.0,1264.0,314,95,4,5,건강·의학,61.4%
223805053360,동탄 치과 앞니 부러짐 신경치료 후 크라운 또는 레진 치료하게 되는 기준이 무엇일까요?,준최5-Lv.3,37.71,77.36,64.71,67.04,81.77,53.15,94.00,2025-03-21 17,2046.0,1548.0,388,155,2,4,건강·의학,50.82%
223184556078,"""임플란트가 2개월 만에 완성이 된다?!"" 외상으로 인한 치아 파절 개선 증례 동탄역치과추천",준최5-Lv.3,37.71,77.63,67.21,66.67,78.25,58.28,90.00,2023-08-15 23,2028.0,1520.0,391,140,5,0,건강·의학,48.71%
223486986872,"동탄역 치과 , 틀니는 불편하고 임플란트는 부담될 때 이렇게 치료할 수 있습니다!",준최5-Lv.3,36.47,77.29,61.83,59.28,85.80,57.19,62.00,2024-06-21 17,1556.0,1200.0,287,97,0,8,건강·의학,59.88%
223633437760,잇몸 퇴축으로 인해 치아가 빠진다면? 오산동 치과 다수의 어금니 임플란트 식립으로 저작기능 회복한 증례,준최5-Lv.3,37.71,79.20,65.39,61.38,78.14,61.15,72.00,2024-10-25 18,1808.0,1370.0,307,128,3,1,건강·의학,52.53%
223687414025,오산동 치과 치아 깨짐 통증으로 인한 앞니 신경치료 과정을 진행했던 케이스,준최5-Lv.3,37.71,76.56,69.16,61.87,81.15,61.67,74.00,2024-12-09 14,1851.0,1412.0,344,134,2,4,건강·의학,54.42%
223880864293,"화성 동탄역 치과 에서 함께 분석해 보는, 염증이 꽉 차있던 리엔도 사례",준최5-Lv.3,37.71,73.78,67.02,70.48,84.23,41.00,77.00,2025-05-28 16,2363.0,1843.0,391,169,1,6,건강·의학,52.85%
223326895234,'상악동에 염증이 퍼졌다?' 40대 동탄 임플란트 식립 과정,준최5-Lv.3,37.71,75.84,72.05,67.16,84.53,57.52,42.00,2024-01-18 23,1258.0,950.0,262,99,1,6,건강·의학,50.33%
223800709422,인접면 충치 화성 치과 에서 인레이 치료 과정 및 세라믹 재료 특징 살펴봅시다!,준최5-Lv.3,37.71,79.43,69.75,69.13,87.19,72.48,94.00,2025-03-18 15,2269.0,1722.0,382,147,0,5,건강·의학,52.53%
223680022380,앞니가 깨졌을 때 어떻게 해야 할까? 화성 치과 에서 치아 파절 신경치료를 통해 심미성 회복한 케이스,준최5-Lv.3,37.71,78.85,63.38,60.23,77.51,60.71,72.00,2024-12-02 16,1675.0,1264.0,327,123,1,5,건강·의학,53.85%
223179567720,'앞니 하나가 흔들리는데 검진받아볼 수 있을까요? 동탄치과추천 받고 왔어요.' 브릿지 수복 증례,준최5-Lv.3,37.71,78.06,65.25,69.45,84.30,60.74,70.00,2023-08-09 23,1492.0,1138.0,303,104,3,1,건강·의학,57.8%
223381312568,동탄역 치과 치아 앞니 사이 벌어짐 어떻게 해결할까? 다이아스테마 레진 치료로,저품질1,0.00,79.74,70.24,60.46,85.75,63.91,84.00,2024-03-12 19,1704.0,1285.0,331,98,0,3,건강·의학,52.44%
223795754394,잇몸에 고름 주머니 치아 문제일 수 있습니다 동탄 치과 에서 재신경치료 하는 원인 살펴봅시다.,준최5-Lv.3,37.71,78.74,65.30,60.72,81.50,65.59,92.00,2025-03-14 12,1741.0,1313.0,312,112,0,6,건강·의학,45.96%
223258396983,"동탄 치과 ""왼쪽 어금니가 전체적으로 시큰해요."" 숨어있는 근관 찾기",준최5-Lv.3,36.47,75.89,66.74,59.32,84.67,33.39,70.00,2023-11-07 19,1568.0,1193.0,307,112,1,9,건강·의학,56.1%
223243681120,"크기가 작은 왜소치, 구강질환이 생길 확률도 높아진다? 동탄치과추천",준최5-Lv.3,36.47,77.60,70.27,60.14,82.03,50.69,20.00,2023-10-22 23,1644.0,1246.0,335,124,11,3,건강·의학,44.67%
223639488509,충치 치료를 통해 수복한 레진이 파절되었을 때 어떻게 할까? 화성 치과 에서 세라믹 인레이 과정을 통해 해결한 사례,준최5-Lv.3,37.71,77.76,65.25,60.62,74.45,62.62,81.00,2024-10-30 11,1729.0,1309.0,311,125,0,3,건강·의학,54.71%
223864036929,오산동 치과 미세 현미경이 필요한 MB Canal 신경치료,준최5-Lv.3,37.71,75.46,75.15,63.55,87.81,45.73,78.00,2025-05-13 12,1985.0,1522.0,350,139,2,4,건강·의학,51.5%
223582734928,동탄2 치과 치조골 흡수로 인해 흔들리고 이동으로 앞니 임플란트 식립할 수밖에 없었던 사례,준최5-Lv.3,37.71,77.81,64.93,59.64,82.25,60.68,72.00,2024-09-13 11,1612.0,1232.0,308,113,3,3,건강·의학,59.7%
223135306927,동탄 치과 에서 구강 내에 나타난 다발성 충치를 개선해 드렸던 스토리,준최5-Lv.3,36.47,77.20,68.63,61.07,76.62,58.87,74.00,2023-06-21 22,1734.0,1317.0,342,124,0,10,건강·의학,54.41%
223142147666,"""앞니 크라운이 예쁘지도 않고, 주변 잇몸이 계속 붓더라고요.."" 동탄역 치과",저품질1,0.00,77.26,65.94,61.55,81.10,58.20,18.00,2023-06-29 15,1785.0,1358.0,352,134,0,8,건강·의학,53.92%
223593477720,"벌어져있는 치아, 레진으로 앞니 사이 채워 넣어 감쪽같이 해결한 증례 오산동 치과",준최5-Lv.3,37.71,77.66,68.31,60.15,78.56,65.57,14.00,2024-09-23 16,1662.0,1258.0,319,115,4,1,건강·의학,57.87%
223755253807,화성 치과 어금니 잇몸 염증으로 심한 골소실 있는 케이스 발치 후 임플란트 지연 식립 한 과정,준최5-Lv.3,37.71,75.38,68.89,60.40,85.40,66.02,78.00,2025-02-10 14,1695.0,1289.0,300,118,1,4,건강·의학,61.32%
223561578738,화성 치과 다시 욱신거리는 통증 신경치료가 필요한 신호일수 있습니다.,준최5-Lv.3,37.71,77.36,66.66,60.27,82.23,61.94,70.00,2024-08-26 19,1676.0,1277.0,315,124,3,2,건강·의학,46.31%
223807794823,오래된 보철 충치와 염증으로 인해 오산동 치과 에서 발치 후 임플란트 브릿지 시행했습니다.,준최5-Lv.3,37.71,75.83,65.28,66.56,79.81,65.48,97.00,2025-03-24 12,2064.0,1565.0,334,144,4,2,건강·의학,58.21%
223843922177,치경부 마모증 왜 이가 시릴까요 동탄역 치과 에서 원인과 레진 치료 과정 살펴보기.,준최5-Lv.3,37.71,79.29,70.42,68.85,83.03,61.98,90.00,2025-04-23 15,2221.0,1691.0,383,179,0,3,건강·의학,55.74%
223185551859,"까맣게 색이 변한 앞니, 어떻게 개선을 도와드렸을까? 오산동치과추천 받고 오셨던 분",준최5-Lv.3,37.71,77.93,67.20,69.10,83.48,56.07,73.00,2023-08-16 23,1477.0,1128.0,285,89,1,4,건강·의학,55.8%
223372527171,"""앞니가 부러졌어요."" 동탄호수공원 치과 전치부 임플란트 케이스",준최5-Lv.3,36.47,76.59,72.86,60.53,82.14,58.00,76.00,2024-03-04 12,1668.0,1268.0,322,130,3,5,건강·의학,53.92%
223445765237,"앞니 벌어짐, 오산동 치과 애서는 단 30분 만에 해결할 수 있습니다😊",저품질1,0.00,76.73,70.05,59.39,81.55,61.63,65.00,2024-05-13 22,1566.0,1181.0,316,101,0,3,건강·의학,55.11%
223783492274,신경치료 한 부위 치아가 어둡다면 동탄역 치과 에서는 어떻게 치료하게 될까요?,준최5-Lv.3,36.47,77.14,64.57,62.02,79.74,48.84,83.00,2025-03-04 18,1840.0,1398.0,352,139,6,2,건강·의학,53.55%
223188852298,동탄임플란트 치과에서 상악동 거상술을 동반한 식립을 진행했던 스토리,준최5-Lv.3,37.71,75.34,69.84,59.67,85.42,56.94,64.00,2023-08-20 23,1570.0,1194.0,310,106,2,2,건강·의학,56.21%
223574319522,"동탄 치과 초기 충치 치료, 왜 시기를 놓치면 안 될까요? 발치부터 임플란트 식립까지 증례",저품질1,0.00,79.19,61.55,59.90,85.94,63.33,78.00,2024-09-06 11,1650.0,1247.0,311,113,2,2,건강·의학,54.97%
223786013522,앞니가 깨졌을 때 동탄신도시 치과 에서 레진 치료를 통해 자연스러운 형태의 치아로 되찾을 수 있습니다.,일반,0.00,77.56,0.00,66.58,77.25,59.68,83.00,2025-03-06 16,2037.0,1552.0,363,144,1,2,건강·의학,53.85%
223566420908,앞니 깨짐 어떤 치료를 받아야 할까? 동탄동 치과,저품질1,0.00,78.33,75.49,60.26,77.42,49.38,84.00,2024-08-30 15,1668.0,1261.0,318,114,0,3,건강·의학,58.33%
223569663447,"""양쪽 어금니가 흔들리고 아파요"" 오산동 치과 양쪽 어금니 발치 후 임플란트 과정",저품질1,0.00,77.50,68.92,60.38,82.21,65.92,7.00,2024-09-02 18,1673.0,1274.0,314,121,0,3,건강·의학,62.14%
223883326729,"동탄동 충치치료, 앞니 사이 레진의 장점 및 적응증에 대하여",준최5-Lv.3,37.71,73.24,68.61,61.54,88.70,47.71,55.00,2025-05-30 19,1765.0,1338.0,370,139,5,2,건강·의학,54.17%
223875842051,"화성 소아진료 치과, 앞니 부러짐 꼭 신경치료를 해야 될까요? (feat. 치수복조에 대하여)",준최5-Lv.3,37.71,72.51,60.99,62.12,87.56,57.20,80.00,2025-05-23 23,1882.0,1436.0,376,144,4,3,건강·의학,52.65%
223209608215,"동탄치과 '잇몸에서 나오는 고름, 어떻게 해결할 수 있을까?'",준최5-Lv.3,37.71,75.10,75.18,67.70,79.40,58.33,13.00,2023-09-12 19,1271.0,972.0,278,86,2,3,건강·의학,51.77%
223249211681,치아 뿌리를 잘라서 자연치를 살릴 수 있다? 화성치과 보존과 전문의의 치근단 절제술 과정,저품질1,0.00,73.26,67.48,65.69,80.27,56.46,57.00,2023-10-28 22,1021.0,776.0,229,86,1,5,건강·의학,59.7%
223390910030,"치아 사이에 생긴 충치, 동탄역 치과 이맥스 인레이로 티 안 나게 메꿔드렸습니다🫢",저품질1,0.00,79.28,67.32,59.06,83.35,62.68,73.00,2024-03-21 17,1505.0,1134.0,311,99,0,3,건강·의학,46.26%
223880001893,동탄 신경치료 까지 이어질 뻔 했던 골드 인레이 속 2차 우식,준최5-Lv.3,37.71,74.09,67.46,61.86,83.37,40.59,65.00,2025-05-27 22,1825.0,1405.0,366,172,3,2,건강·의학,57.36%
223247611266,잇몸과 치아 사이(치경부)에도 충치가 생길 수 있나요? 동탄치과,저품질1,0.00,76.26,69.45,66.96,78.94,54.92,38.00,2023-10-26 22,1179.0,893.0,266,88,0,4,건강·의학,54.33%
223416621409,"상악동과 거리가 가까운 소구치, 동탄역 치과 의 안전한 임플란트 식립 과정!",준최5-Lv.3,36.47,75.38,64.08,61.40,79.20,58.54,72.00,2024-04-15 22,1793.0,1356.0,340,138,0,13,건강·의학,49.76%
223911334860,"화성 동탄 치과 와 함께 보는, 옆면에 발생한 충치치료 후 세라믹 인레이 사례",준최5-Lv.3,37.71,77.00,66.98,71.46,80.52,53.97,97.00,2025-06-25 16,2461.0,1861.0,417,166,3,4,건강·의학,52.06%
223214107371,"치아 상실 및 정출, 동탄역치과 고난도 임플란트 식립으로 개선을 도와드렸던 증례",준최5-Lv.3,37.71,76.18,64.07,59.45,80.53,54.88,66.00,2023-09-17 22,1549.0,1172.0,322,118,3,1,건강·의학,54.65%
223665255366,동탄동 치과 결손된 어금니로 인한 임플란트 상악동 거상술 과정과 수술 후 주의 사항,준최5-Lv.3,37.71,76.84,68.28,60.65,79.18,61.27,74.00,2024-11-18 19,1722.0,1307.0,307,114,2,4,건강·의학,62.25%
223857788386,동탄동 치과 에서 사례로 설명드리는 '깨진 인레이'에 대하여,준최5-Lv.3,37.71,74.19,70.74,60.75,77.12,36.07,61.00,2025-05-07 14,1722.0,1310.0,346,147,2,2,건강·의학,54.46%
223505228904,보철 내부에 발생한 이차 우식 오산동 치과 에서 깔끔하게 치료해 드린 사례,준최5-Lv.3,37.71,78.73,67.90,61.07,81.94,65.78,81.00,2024-07-08 11,1771.0,1353.0,306,102,0,4,건강·의학,57.65%
223529572559,"화성 치과 임플란트 증례 보이지 않는 염증, 치아를 갉아먹고 있을 수 있습니다.",준최5-Lv.3,37.71,78.61,60.12,59.74,87.74,60.39,75.00,2024-08-01 09,1602.0,1225.0,313,104,2,4,건강·의학,52.87%
223894869681,"화성 오산동 신경치료 이후 발생한 염증, 자연치아를 살릴 수 있는 접근법",준최5-Lv.3,37.71,70.89,64.67,71.35,86.27,57.23,81.00,2025-06-10 18,2440.0,1854.0,421,185,2,5,건강·의학,49.39%
223610202977,오산동 치과 [틀니보다 임플란트가 편한 이유는 무엇일까?],준최5-Lv.3,37.71,76.49,76.09,61.38,81.40,50.55,81.00,2024-10-07 15,1812.0,1374.0,320,130,3,2,건강·의학,61%
223841268715,치아 빠졌을 때 나타날 수 있는 구강 변화 화성 치과 에서 뼈이식 임플란트를 통한 회복 과정.,준최5-Lv.3,37.71,75.60,64.23,61.81,76.02,68.55,82.00,2025-04-21 11,1857.0,1418.0,308,127,3,2,건강·의학,63.49%
223735795643,동탄역 치과 치주염 증상으로 인한 어금니 흔들림 임플란트 상악동 거상술 측방 접근법을 진행 한 과정,준최5-Lv.3,37.71,79.99,67.02,60.38,83.81,62.36,78.00,2025-01-23 14,1696.0,1290.0,326,120,1,4,건강·의학,55.28%
223872218238,치아 머리 파절 및 만성치주염까지 동반된 어금니 동탄역 임플란트,준최5-Lv.3,37.71,74.15,70.30,62.44,81.10,49.74,68.00,2025-05-20 22,1896.0,1452.0,356,180,2,3,건강·의학,65.71%
223408605557,"[ 동탄역 치과 ] 치아 탈회, 흰색 반점 레진 치료 전, 후 비교",저품질1,0.00,74.55,71.81,69.19,86.41,66.53,15.00,2024-04-07 21,1483.0,1109.0,299,106,0,3,건강·의학,55.17%
223350038257,상악동과 거리가 가깝다면 임플란트를 심을 수 없는 걸까? 동탄2목동치과,준최5-Lv.3,37.71,75.51,62.37,69.59,79.96,53.71,71.00,2024-02-10 23,1483.0,1128.0,298,104,4,3,건강·의학,50%
223564055125,깨진 수복물 어떻게 해야 되나요? 세라믹 인레이로 치료한 케이스 동탄역 치과,저품질1,0.00,77.35,63.81,60.53,79.69,57.04,80.00,2024-08-28 17,1678.0,1281.0,317,116,0,4,건강·의학,55.22%
223802571164,"임플란트 부러짐, 재수술해야 될 수 있습니다 동탄역 치과 에서 크게 흔들리는 보철 정확한 원인 분석 후 치료 과정까지 살펴봅시다.",준최5-Lv.3,36.47,76.40,61.04,61.87,76.78,60.06,96.00,2025-03-19 18,1846.0,1406.0,338,140,6,4,건강·의학,59.63%
223832442086,안전한 임플란트 시술을 위한 방법 동탄역 치과 상악동 거상술 살펴봅시다.,준최5-Lv.3,37.71,76.55,68.91,68.70,81.78,62.06,100.00,2025-04-14 11,2224.0,1701.0,358,171,6,1,건강·의학,51.63%
223883087276,오산동 에서 알려드리는 치근단염을 방치하다 뼈가 더 녹기 전 신경치료 통해 살린 증례,준최5-Lv.3,36.47,71.83,61.23,61.83,75.64,32.34,78.00,2025-05-30 14,1829.0,1384.0,359,134,5,3,건강·의학,59.35%
223464390508,치아에 발생한 염증 가만히 두면 큰일 납니다!! 동탄역 치과 재신경치료&크라운,준최5-Lv.3,37.71,78.25,66.15,69.29,78.50,59.52,83.00,2024-05-31 11,1449.0,1113.0,309,111,3,2,건강·의학,55.76%
223772043532,동탄2 치과 심한 골소실이 있는 케이스 지연 식립과 뼈이식을 통해 임플란트를 심어드렸습니다.,준최5-Lv.3,37.71,78.91,68.94,60.21,77.52,57.50,77.00,2025-02-24 18,1702.0,1296.0,312,123,1,3,건강·의학,65.05%
223809471767,잇몸 염증 때문에 뼈가 파괴될 수 있습니다 동탄 치과 에서 발견한 치근단 병소 발치 후 임플란트로 회복하는 과정.,준최5-Lv.3,37.71,75.96,64.90,61.46,76.92,65.48,100.00,2025-03-25 17,1824.0,1391.0,329,128,4,1,건강·의학,60.92%
223305026270,Implant 심을 자리가 부족하다면? 동탄 임플란트 식립 과정,준최5-Lv.3,37.71,76.53,70.31,60.01,84.51,58.86,66.00,2023-12-27 22,1625.0,1240.0,324,109,2,2,건강·의학,45.09%
223515640939,"오산동 치과 실제 사례 , 깨진 인레이 이렇게 치료해야 됩니다.",저품질1,0.00,77.33,72.56,59.66,84.67,58.71,80.00,2024-07-17 11,1607.0,1223.0,293,101,2,1,건강·의학,54.1%
223539343578,"동탄동 치과 자꾸만 거슬리는 앞니 사이 충치, 레진과 크라운 치료로 예쁘게 재탄생",준최5-Lv.3,37.71,77.09,65.17,66.96,83.42,66.23,20.00,2024-08-15 11,2055.0,1564.0,364,132,4,2,건강·의학,51.1%
223790580014,앞니 부러짐 동탄동 치과 에서 발치 즉시 임플란트 통해 빠르게 치유할 수 있었던 이유.,준최5-Lv.3,37.71,77.79,66.91,67.00,78.53,63.27,80.00,2025-03-10 11,2099.0,1577.0,343,143,0,5,건강·의학,55.89%
223347599407,동탄역 치과 에서는 벌어진 앞니 당일 치료가 가능하다?!,저품질1,0.00,75.86,76.21,67.36,83.45,64.55,15.00,2024-02-07 23,1269.0,949.0,274,85,2,1,건강·의학,53.54%
223903759866,동탄역 치과 에서 주의 드리는 재발 충치치료의 위험성에 대하여,준최5-Lv.3,37.71,74.35,69.91,60.18,82.06,41.64,71.00,2025-06-18 18,1647.0,1242.0,348,140,2,3,건강·의학,54.88%
223338916153,오산동 치과 1대1 맞춤 진료를 통한 뼈이식 임플란트 식립 사례,준최5-Lv.3,37.71,77.53,68.08,59.14,80.20,59.80,62.00,2024-01-30 23,1525.0,1153.0,308,108,2,4,건강·의학,54.12%
223819383233,임플란트 주위염 오산동 치과 에서 실패한 수술 뼈이식과 재식립 통해 회복할 수 있었습니다.,준최5-Lv.3,37.71,77.10,66.48,63.27,84.96,61.26,99.00,2025-04-02 15,2013.0,1531.0,358,160,1,5,건강·의학,63.04%
