our_postId,representative_query,competitor_post_url,rank
223133332263,다이아스테마,http://blog.naver.com/yonseisdent/223388493208,1.0
223133332263,다이아스테마,http://blog.naver.com/yonseisdent/223388493208,1.0
223133332263,다이아스테마,http://blog.naver.com/onlyonej/223640409447,2.0
223133332263,다이아스테마,http://blog.naver.com/yonseisdent/223388493208,1.0
223133332263,다이아스테마,http://blog.naver.com/yonseisdent/223388493208,1.0
223133332263,다이아스테마,http://blog.naver.com/onlyonej/223640409447,2.0
223133332263,다이아스테마,http://blog.naver.com/yleaders2875/223711724755,3.0
223133332263,다이아스테마,http://blog.naver.com/yonseisdent/223388493208,1.0
223133332263,다이아스테마,http://blog.naver.com/onlyonej/223640409447,2.0
223133332263,다이아스테마,http://blog.naver.com/yonseisdent/223388493208,3.0
223133332263,다이아스테마,http://blog.naver.com/shine_e_dc/223749088345,1.0
223133332263,다이아스테마,http://blog.naver.com/yleaders2875/223711724755,2.0
223133332263,다이아스테마,http://blog.naver.com/dentikay/223843121523,1.0
223133332263,다이아스테마,http://blog.naver.com/shine_e_dc/223749088345,2.0
223133332263,다이아스테마,http://blog.naver.com/yleaders2875/223711724755,3.0
223133332263,다이아스테마,http://blog.naver.com/dentikay/223843121523,1.0
223133332263,다이아스테마,http://blog.naver.com/spriner/223880927211,2.0
223149973455,발치후 즉시 식립 임플란트,http://blog.naver.com/dentigo00/223419592089,1.0
223149973455,발치후 즉시 식립 임플란트,http://blog.naver.com/dentigo00/223419592089,1.0
223149973455,발치후 즉시 식립 임플란트,http://blog.naver.com/dentigo00/223419592089,1.0
223149973455,발치후 즉시 식립 임플란트,http://blog.naver.com/genious2002/223596030759,2.0
223149973455,발치후 즉시 식립 임플란트,http://blog.naver.com/genious2002/223596030759,2.0
223149973455,발치후 즉시 식립 임플란트,http://blog.naver.com/dentigo00/223419592089,1.0
223149973455,발치후 즉시 식립 임플란트,http://blog.naver.com/dentigo00/223419592089,1.0
223155543711,동탄 앞니 레진,http://blog.naver.com/thetuntun2/223696520262,1.0
223156065790,수직치근파절,http://blog.naver.com/homeplant/223371626603,3.0
223156065790,수직치근파절,http://blog.naver.com/homeplant/223215509236,2.0
223156065790,수직치근파절,http://blog.naver.com/minflow7/222924492960,1.0
223156065790,수직치근파절,http://blog.naver.com/homeplant/223215509236,1.0
223156065790,수직치근파절,http://blog.naver.com/homeplant/223371626603,1.0
223156065790,수직치근파절,http://blog.naver.com/highendcase/223499340892,2.0
223156065790,수직치근파절,http://blog.naver.com/homeplant/223215509236,3.0
223156065790,수직치근파절,http://blog.naver.com/homeplant/223371626603,1.0
223156065790,수직치근파절,http://blog.naver.com/highendcase/223499340892,2.0
223156065790,수직치근파절,http://blog.naver.com/homeplant/223371626603,1.0
223156065790,수직치근파절,http://blog.naver.com/highendcase/223499340892,2.0
223156065790,수직치근파절,http://blog.naver.com/homeplant/223371626603,1.0
223156065790,수직치근파절,http://blog.naver.com/seoultheahn1/223653915632,2.0
223156065790,수직치근파절,http://blog.naver.com/homeplant/223371626603,1.0
223156065790,수직치근파절,http://blog.naver.com/joecha87/223858324862,2.0
223156065790,수직치근파절,http://blog.naver.com/ysnaturedent/223842790418,3.0
223156065790,수직치근파절,http://blog.naver.com/homeplant/223371626603,1.0
223156065790,수직치근파절,http://blog.naver.com/sikplant/223901957247,1.0
223156065790,수직치근파절,http://blog.naver.com/joecha87/223858324862,3.0
223156065790,수직치근파절,http://blog.naver.com/ysnaturedent/223842790418,2.0
223167068424,동탄 보존과,http://blog.naver.com/austinmarie/223482023627,2.0
223186535780,소구치 신경치료,http://blog.naver.com/solk7tcowmd/222680961793,3.0
223186535780,소구치 신경치료,http://blog.naver.com/bread4000/222154140471,1.0
223186535780,소구치 신경치료,http://blog.naver.com/ddshms/223337651683,1.0
223205080746,이가 까맣게,http://blog.naver.com/richstory2825/223538716572,1.0
223205080746,이가 까맣게,http://blog.naver.com/kind-in/222609165050,1.0
223232140530,동탄 미세현미경 치과,http://blog.naver.com/harvey33/221678651687,2.0
223235174542,동탄 실활치미백,http://blog.naver.com/dentalchaeum/223393878440,1.0
223235174542,동탄 실활치미백,http://blog.naver.com/everlypenn/223058092272,2.0
223235174542,동탄 실활치미백,http://blog.naver.com/seoullamiplant/223812752978,1.0
223235174542,동탄 실활치미백,http://blog.naver.com/tyreserobertson/223021578780,3.0
223236128970,소구치 충치,http://blog.naver.com/seoul_den/223275055743,3.0
223236128970,소구치 충치,http://blog.naver.com/eharu7/222931090060,1.0
223236128970,소구치 충치,http://blog.naver.com/biomind/223409405567,2.0
223236128970,소구치 충치,http://blog.naver.com/biomind/223409405567,2.0
223236128970,소구치 충치,http://blog.naver.com/seoul_den/223275055743,1.0
223236128970,소구치 충치,http://blog.naver.com/eharu7/222931090060,3.0
223236128970,소구치 충치,http://blog.naver.com/seoul_den/223275055743,1.0
223236771862,다이아스테마,http://blog.naver.com/yonseisdent/223388493208,1.0
223236771862,다이아스테마,http://blog.naver.com/yonseisdent/223388493208,1.0
223236771862,다이아스테마,http://blog.naver.com/onlyonej/223640409447,2.0
223236771862,다이아스테마,http://blog.naver.com/yonseisdent/223388493208,1.0
223236771862,다이아스테마,http://blog.naver.com/yonseisdent/223388493208,1.0
223236771862,다이아스테마,http://blog.naver.com/onlyonej/223640409447,2.0
223236771862,다이아스테마,http://blog.naver.com/yleaders2875/223711724755,3.0
223236771862,다이아스테마,http://blog.naver.com/yonseisdent/223388493208,1.0
223236771862,다이아스테마,http://blog.naver.com/onlyonej/223640409447,2.0
223236771862,다이아스테마,http://blog.naver.com/yonseisdent/223388493208,3.0
223236771862,다이아스테마,http://blog.naver.com/shine_e_dc/223749088345,1.0
223236771862,다이아스테마,http://blog.naver.com/yleaders2875/223711724755,2.0
223236771862,다이아스테마,http://blog.naver.com/dentikay/223843121523,1.0
223236771862,다이아스테마,http://blog.naver.com/shine_e_dc/223749088345,2.0
223236771862,다이아스테마,http://blog.naver.com/yleaders2875/223711724755,3.0
223236771862,다이아스테마,http://blog.naver.com/dentikay/223843121523,1.0
223236771862,다이아스테마,http://blog.naver.com/spriner/223880927211,2.0
223260606003,동탄 실활치미백,http://blog.naver.com/dentalchaeum/223393878440,1.0
223260606003,동탄 실활치미백,http://blog.naver.com/everlypenn/223058092272,2.0
223260606003,동탄 실활치미백,http://blog.naver.com/seoullamiplant/223812752978,1.0
223260606003,동탄 실활치미백,http://blog.naver.com/tyreserobertson/223021578780,3.0
223269940028,신경치료,http://blog.naver.com/godandkm/223135466715,2.0
223269940028,신경치료,http://blog.naver.com/cow991823/223464612677,3.0
223269940028,신경치료,http://blog.naver.com/smgden1/223391962420,1.0
223269940028,신경치료,http://blog.naver.com/ysnaturedent/223305766753,2.0
223269940028,신경치료,http://blog.naver.com/godandkm/223135466715,3.0
223269940028,신경치료,http://blog.naver.com/drhong24/223521390042,2.0
223269940028,신경치료,http://blog.naver.com/ysnaturedent/223305766753,1.0
223269940028,신경치료,http://blog.naver.com/misoyangju/223099335639,3.0
223277112963,송곳니 충치,http://blog.naver.com/wdent1_1/223375950515,2.0
223277112963,송곳니 충치,http://blog.naver.com/hn-dental/223451377283,1.0
223277112963,송곳니 충치,http://blog.naver.com/djssdent1/223075540780,3.0
223277112963,송곳니 충치,http://blog.naver.com/hn-dental/223451377283,2.0
223277112963,송곳니 충치,http://blog.naver.com/djssdent1/223075540780,3.0
223277112963,송곳니 충치,http://blog.naver.com/wdent1_1/223276887227,1.0
223277112963,송곳니 충치,http://blog.naver.com/thebl_dent/223548515826,2.0
223277112963,송곳니 충치,http://blog.naver.com/raondent2875/222871381501,3.0
223277112963,송곳니 충치,http://blog.naver.com/wdent1_1/223276887227,1.0
223277112963,송곳니 충치,http://blog.naver.com/thebl_dent/223548515826,1.0
223277112963,송곳니 충치,http://blog.naver.com/wdent1_1/223276887227,3.0
223277112963,송곳니 충치,http://blog.naver.com/djssdent1/223075540780,2.0
223277112963,송곳니 충치,http://blog.naver.com/seoul_den/223575933691,2.0
223277112963,송곳니 충치,http://blog.naver.com/likedental/223597723475,1.0
223277112963,송곳니 충치,http://blog.naver.com/wdent1_1/223276887227,3.0
223277112963,송곳니 충치,http://blog.naver.com/juidub/223646849703,2.0
223277112963,송곳니 충치,http://blog.naver.com/likedental/223597723475,3.0
223277112963,송곳니 충치,http://blog.naver.com/whtopdc1/223531370152,1.0
223277112963,송곳니 충치,http://blog.naver.com/shongdental/223675601179,1.0
223277112963,송곳니 충치,http://blog.naver.com/whtopdc1/223531370152,3.0
223277112963,송곳니 충치,http://blog.naver.com/juidub/223646849703,2.0
223277112963,송곳니 충치,http://blog.naver.com/seoul_den/223691451887,1.0
223277112963,송곳니 충치,http://blog.naver.com/tiranoseven/223609983640,3.0
223277112963,송곳니 충치,http://blog.naver.com/juidub/223646849703,2.0
223277112963,송곳니 충치,http://blog.naver.com/timeplant9908275/223735942263,2.0
223277112963,송곳니 충치,http://blog.naver.com/juidub/223646849703,3.0
223277112963,송곳니 충치,http://blog.naver.com/seoul_den/223691451887,1.0
223277112963,송곳니 충치,http://blog.naver.com/juidub/223646849703,2.0
223277112963,송곳니 충치,http://blog.naver.com/seoul_den/223691451887,1.0
223277112963,송곳니 충치,http://blog.naver.com/timeplant9908275/223735942263,3.0
223277112963,송곳니 충치,http://blog.naver.com/seoul_den/223691451887,1.0
223277112963,송곳니 충치,http://blog.naver.com/juidub/223646849703,2.0
223277112963,송곳니 충치,http://blog.naver.com/seoul_den/223691451887,1.0
223277112963,송곳니 충치,http://blog.naver.com/ysdental2875/223845689879,2.0
223277112963,송곳니 충치,http://blog.naver.com/ysdental2875/223845689879,2.0
223277112963,송곳니 충치,http://blog.naver.com/seoul_den/223691451887,1.0
223278935005,아말감 2차충치,http://blog.naver.com/richstory2825/223474125257,1.0
223278935005,아말감 2차충치,http://blog.naver.com/orthofuture/223472061001,2.0
223278935005,아말감 2차충치,http://blog.naver.com/homeplant/223338412722,3.0
223298901342,재신경치료 기간,http://blog.naver.com/onlyonej/223313855965,2.0
223298901342,재신경치료 기간,http://blog.naver.com/likedental/223445573246,1.0
223298901342,재신경치료 기간,http://blog.naver.com/onlyonej/223313855965,2.0
223298901342,재신경치료 기간,http://blog.naver.com/likedental/223445573246,1.0
223298901342,재신경치료 기간,http://blog.naver.com/likedental/223445573246,2.0
223298901342,재신경치료 기간,http://blog.naver.com/onlyonej/223313855965,3.0
223298901342,재신경치료 기간,http://blog.naver.com/honeybeevuvu/223438973879,1.0
223298901342,재신경치료 기간,http://blog.naver.com/honeybeevuvu/223438973879,2.0
223298901342,재신경치료 기간,http://blog.naver.com/jung_denti/223585124951,1.0
223298901342,재신경치료 기간,http://blog.naver.com/thenaturedent/223514389920,3.0
223298901342,재신경치료 기간,http://blog.naver.com/likedental/223445573246,3.0
223298901342,재신경치료 기간,http://blog.naver.com/onlyonej/223313855965,1.0
223298901342,재신경치료 기간,http://blog.naver.com/thenaturedent/223514389920,2.0
223298901342,재신경치료 기간,http://blog.naver.com/honeybeevuvu/223438973879,3.0
223298901342,재신경치료 기간,http://blog.naver.com/jung_denti/223585124951,2.0
223298901342,재신경치료 기간,http://blog.naver.com/honeybeevuvu/223438973879,3.0
223298901342,재신경치료 기간,http://blog.naver.com/jung_denti/223585124951,2.0
223298901342,재신경치료 기간,http://blog.naver.com/likedental/223445573246,2.0
223298901342,재신경치료 기간,http://blog.naver.com/eark1942/223763650193,1.0
223298901342,재신경치료 기간,http://blog.naver.com/jung_denti/223585124951,3.0
223299941436,소구치 파절,http://blog.naver.com/gsuf4525/223250449467,1.0
223307057929,치과 치질,http://blog.naver.com/etondental2021/223057906085,1.0
223307057929,치과 치질,http://blog.naver.com/etondental2021/223057906085,1.0
223307057929,치과 치질,http://blog.naver.com/seoulshindental/223324537396,2.0
223307057929,치과 치질,http://blog.naver.com/etondental2021/223057906085,1.0
223307057929,치과 치질,http://blog.naver.com/wrdc296/223534228431,3.0
223307057929,치과 치질,http://blog.naver.com/seoulplantdent/223336155699,2.0
223307057929,치과 치질,http://blog.naver.com/seoulshindental/223324537396,2.0
223307057929,치과 치질,http://blog.naver.com/wrdc296/223534228431,3.0
223307057929,치과 치질,http://blog.naver.com/etondental2021/223057906085,1.0
223307057929,치과 치질,http://blog.naver.com/etondental2021/223057906085,1.0
223307057929,치과 치질,http://blog.naver.com/etondental2021/223057906085,1.0
223307057929,치과 치질,http://blog.naver.com/wrdc296/223534228431,2.0
223307057929,치과 치질,http://blog.naver.com/51iwb1yljiuq/223883117894,1.0
223307057929,치과 치질,http://blog.naver.com/yonsei_joon/223880578620,2.0
223314621811,pulpotomy,http://blog.naver.com/geolpotopdent/223241047711,3.0
223314621811,pulpotomy,http://blog.naver.com/eharu7/223395916194,2.0
223314621811,pulpotomy,http://blog.naver.com/dentist_joo/223364104367,1.0
223314621811,pulpotomy,http://blog.naver.com/dentist_joo/223364104367,1.0
223314621811,pulpotomy,http://blog.naver.com/dental_sajeon/223514707605,2.0
223314621811,pulpotomy,http://blog.naver.com/geolpotopdent/223241047711,3.0
223314621811,pulpotomy,http://blog.naver.com/dental_sajeon/223514707605,1.0
223314621811,pulpotomy,http://blog.naver.com/dentist_joo/222901765981,3.0
223314621811,pulpotomy,http://blog.naver.com/dental_sajeon/223514707605,2.0
223314621811,pulpotomy,http://blog.naver.com/dentist_joo/222901765981,3.0
223314621811,pulpotomy,http://blog.naver.com/dentist_joo/222901765981,2.0
223314621811,pulpotomy,http://blog.naver.com/dental_sajeon/223514707605,1.0
223314621811,pulpotomy,http://blog.naver.com/dentist_joo/222901765981,1.0
223314621811,pulpotomy,http://blog.naver.com/dental_sajeon/223514707605,2.0
223314621811,pulpotomy,http://blog.naver.com/eharu7/223663791875,3.0
223314621811,pulpotomy,http://blog.naver.com/dentist_joo/222901765981,1.0
223314621811,pulpotomy,http://blog.naver.com/homeplant/223181239934,3.0
223314621811,pulpotomy,http://blog.naver.com/eharu7/223663791875,2.0
223314621811,pulpotomy,http://blog.naver.com/dental_sajeon/223514707605,3.0
223314621811,pulpotomy,http://blog.naver.com/eharu7/223663791875,1.0
223314621811,pulpotomy,http://blog.naver.com/homeplant/223181239934,2.0
223314621811,pulpotomy,http://blog.naver.com/seoul_den/222961070443,3.0
223314621811,pulpotomy,http://blog.naver.com/palpro857/223146002117,1.0
223332854160,수직치근파절,http://blog.naver.com/homeplant/223371626603,3.0
223332854160,수직치근파절,http://blog.naver.com/homeplant/223215509236,2.0
223332854160,수직치근파절,http://blog.naver.com/minflow7/222924492960,1.0
223332854160,수직치근파절,http://blog.naver.com/homeplant/223215509236,1.0
223332854160,수직치근파절,http://blog.naver.com/homeplant/223371626603,1.0
223332854160,수직치근파절,http://blog.naver.com/highendcase/223499340892,2.0
223332854160,수직치근파절,http://blog.naver.com/homeplant/223215509236,3.0
223332854160,수직치근파절,http://blog.naver.com/homeplant/223371626603,1.0
223332854160,수직치근파절,http://blog.naver.com/highendcase/223499340892,2.0
223332854160,수직치근파절,http://blog.naver.com/homeplant/223371626603,1.0
223332854160,수직치근파절,http://blog.naver.com/highendcase/223499340892,2.0
223332854160,수직치근파절,http://blog.naver.com/homeplant/223371626603,1.0
223332854160,수직치근파절,http://blog.naver.com/seoultheahn1/223653915632,2.0
223332854160,수직치근파절,http://blog.naver.com/homeplant/223371626603,1.0
223332854160,수직치근파절,http://blog.naver.com/joecha87/223858324862,2.0
223332854160,수직치근파절,http://blog.naver.com/ysnaturedent/223842790418,3.0
223332854160,수직치근파절,http://blog.naver.com/homeplant/223371626603,1.0
223332854160,수직치근파절,http://blog.naver.com/sikplant/223901957247,1.0
223332854160,수직치근파절,http://blog.naver.com/joecha87/223858324862,3.0
223332854160,수직치근파절,http://blog.naver.com/ysnaturedent/223842790418,2.0
223335804761,동탄 레진,http://blog.naver.com/spriner/223489516388,1.0
223340074448,어금니 신경치료 기간,http://blog.naver.com/dreamperio1/223347003285,1.0
223340074448,어금니 신경치료 기간,http://blog.naver.com/inndir65/223462564315,2.0
223351549700,동탄 실활치미백,http://blog.naver.com/dentalchaeum/223393878440,1.0
223351549700,동탄 실활치미백,http://blog.naver.com/everlypenn/223058092272,2.0
223351549700,동탄 실활치미백,http://blog.naver.com/seoullamiplant/223812752978,1.0
223351549700,동탄 실활치미백,http://blog.naver.com/tyreserobertson/223021578780,3.0
223357699582,intrusion,http://blog.naver.com/orthopia/223445768223,2.0
223357699582,intrusion,http://blog.naver.com/digitaltop-/223478124198,1.0
223357699582,intrusion,http://blog.naver.com/digitaltop-/223478124198,1.0
223357699582,intrusion,http://blog.naver.com/goldstar10041/222977424533,2.0
223357699582,intrusion,http://blog.naver.com/goldstar10041/222977424533,2.0
223357699582,intrusion,http://blog.naver.com/dent_khang/223524124773,1.0
223357699582,intrusion,http://blog.naver.com/gundentalclinic/223404325770,3.0
223357699582,intrusion,http://blog.naver.com/goldstar10041/222977424533,2.0
223357699582,intrusion,http://blog.naver.com/digitaltop-/223478124198,1.0
223357699582,intrusion,http://blog.naver.com/dentjoy/222744525994,3.0
223357699582,intrusion,http://blog.naver.com/toporth/223580598644,1.0
223357699582,intrusion,http://blog.naver.com/goldstar10041/222977424533,3.0
223357699582,intrusion,http://blog.naver.com/digitaltop-/223478124198,2.0
223357699582,intrusion,http://blog.naver.com/ortho_ho/223645547708,1.0
223357699582,intrusion,http://blog.naver.com/digitaltop-/223478124198,2.0
223357699582,intrusion,http://blog.naver.com/goldstar10041/222977424533,3.0
223357699582,intrusion,http://blog.naver.com/ortho_ho/223645547708,1.0
223357699582,intrusion,http://blog.naver.com/digitaltop-/223478124198,2.0
223357699582,intrusion,http://blog.naver.com/dent_khang/223524124773,3.0
223357699582,intrusion,http://blog.naver.com/joohyun3521/223707343783,1.0
223357699582,intrusion,http://blog.naver.com/digitaltop-/223478124198,3.0
223357699582,intrusion,http://blog.naver.com/ortho_ho/223645547708,2.0
223357699582,intrusion,http://blog.naver.com/ortho_ho/223645547708,2.0
223357699582,intrusion,http://blog.naver.com/digitaltop-/223478124198,1.0
223357699582,intrusion,http://blog.naver.com/ortho_ho/223645547708,1.0
223357699582,intrusion,http://blog.naver.com/dent_khang/223524124773,3.0
223357699582,intrusion,http://blog.naver.com/digitaltop-/223478124198,2.0
223357699582,intrusion,http://blog.naver.com/ortho_ho/223645547708,1.0
223357699582,intrusion,http://blog.naver.com/dent_khang/223524124773,2.0
223357699582,intrusion,http://blog.naver.com/ortho_ho/223645547708,1.0
223357699582,intrusion,http://blog.naver.com/ortho_ho/223645547708,1.0
223363365773,수평치근파절,http://blog.naver.com/masterpiece2828/223484845131,1.0
223367277748,치아 옆면 충치,http://blog.naver.com/implineyi/223456174368,2.0
223367277748,치아 옆면 충치,http://blog.naver.com/leeks9095/223476207996,3.0
223367277748,치아 옆면 충치,http://blog.naver.com/asungdb/223408948756,1.0
223367277748,치아 옆면 충치,http://blog.naver.com/leeks9095/223476207996,1.0
223367277748,치아 옆면 충치,http://blog.naver.com/asungdb/223408948756,3.0
223367277748,치아 옆면 충치,http://blog.naver.com/onlyonej/223495738991,2.0
223367277748,치아 옆면 충치,http://blog.naver.com/medifore0577/223569663367,2.0
223367277748,치아 옆면 충치,http://blog.naver.com/leeks9095/223476207996,3.0
223367277748,치아 옆면 충치,http://blog.naver.com/whgdmsthatl365/223378955846,1.0
223367277748,치아 옆면 충치,http://blog.naver.com/medifore0577/223569663367,2.0
223367277748,치아 옆면 충치,http://blog.naver.com/leestrada11/221108058238,3.0
223367277748,치아 옆면 충치,http://blog.naver.com/onlyonej/223495738991,1.0
223367277748,치아 옆면 충치,http://blog.naver.com/raondent2875/223294397755,3.0
223367277748,치아 옆면 충치,http://blog.naver.com/onlyonej/223495738991,1.0
223367277748,치아 옆면 충치,http://blog.naver.com/leeks9095/223476207996,2.0
223367277748,치아 옆면 충치,http://blog.naver.com/onlyonej/223495738991,3.0
223367277748,치아 옆면 충치,http://blog.naver.com/jbdental2/223661374288,2.0
223367277748,치아 옆면 충치,http://blog.naver.com/leeks9095/223476207996,1.0
223367277748,치아 옆면 충치,http://blog.naver.com/yesdentalclinic/223810997124,3.0
223367277748,치아 옆면 충치,http://blog.naver.com/leeks9095/223476207996,1.0
223367277748,치아 옆면 충치,http://blog.naver.com/jbdental2/223661374288,2.0
223367277748,치아 옆면 충치,http://blog.naver.com/yesdentalclinic/223810997124,3.0
223367277748,치아 옆면 충치,http://blog.naver.com/jbdental2/223661374288,2.0
223367277748,치아 옆면 충치,http://blog.naver.com/leeks9095/223476207996,1.0
223367277748,치아 옆면 충치,http://blog.naver.com/jbdental2/223661374288,3.0
223367277748,치아 옆면 충치,http://blog.naver.com/leeks9095/223476207996,2.0
223367277748,치아 옆면 충치,http://blog.naver.com/verysia/223875819329,1.0
223401398737,치수괴사,http://blog.naver.com/geolpotop/223254470525,2.0
223401398737,치수괴사,http://blog.naver.com/yoonnam220/223452187895,1.0
223401398737,치수괴사,http://blog.naver.com/sosa2275/222641332903,3.0
223401398737,치수괴사,http://blog.naver.com/onlyonej/223328512744,1.0
223401398737,치수괴사,http://blog.naver.com/geolpotop/223254470525,3.0
223401398737,치수괴사,http://blog.naver.com/abledental02/223487031776,2.0
223401398737,치수괴사,http://blog.naver.com/abledental02/223175044241,1.0
223401398737,치수괴사,http://blog.naver.com/smileplantdc/222643563153,2.0
223401398737,치수괴사,http://blog.naver.com/babaortho/223110681986,3.0
223401398737,치수괴사,http://blog.naver.com/abledental02/223175044241,1.0
223401398737,치수괴사,http://blog.naver.com/insc1165/223728934163,2.0
223401398737,치수괴사,http://blog.naver.com/uldental/223326249746,1.0
223401398737,치수괴사,http://blog.naver.com/uldental/223330190447,3.0
223410586957,전치부 브릿지,http://blog.naver.com/yoonnam220/223499247841,1.0
223410586957,전치부 브릿지,http://blog.naver.com/richstory2825/223381236630,2.0
223423945234,앞니 외상,http://blog.naver.com/shineteeth/223359660925,1.0
223423945234,앞니 외상,http://blog.naver.com/we_create_your_smile/223668336301,1.0
223426266336,동탄역 사랑니,http://blog.naver.com/y3yaa/222925181725,1.0
223426266336,동탄역 사랑니,http://blog.naver.com/aud049/223802708992,1.0
223431220382,교정 후 미백,http://blog.naver.com/shineteeth/223406683410,2.0
223431220382,교정 후 미백,http://blog.naver.com/99dkdk/223439034984,3.0
223431220382,교정 후 미백,http://blog.naver.com/yleaders2875/222692417499,1.0
223431220382,교정 후 미백,http://blog.naver.com/shineteeth/223406683410,1.0
223431220382,교정 후 미백,http://blog.naver.com/99dkdk/223439034984,3.0
223431220382,교정 후 미백,http://blog.naver.com/yleaders2875/222692417499,2.0
223431220382,교정 후 미백,http://blog.naver.com/dentist_ahn/223536832816,2.0
223431220382,교정 후 미백,http://blog.naver.com/shineteeth/223406683410,1.0
223431220382,교정 후 미백,http://blog.naver.com/yleaders2875/222692417499,3.0
223431220382,교정 후 미백,http://blog.naver.com/shineteeth/223406683410,1.0
223431220382,교정 후 미백,http://blog.naver.com/sunnyflow/223537494273,3.0
223431220382,교정 후 미백,http://blog.naver.com/ddaydent/223694525371,1.0
223442936737,골드인레이 탈락,http://blog.naver.com/kindhyun111/223441672769,1.0
223451837108,동탄 앞니 레진,http://blog.naver.com/thetuntun2/223696520262,1.0
223457546240,인레이 파절,http://blog.naver.com/snow7528/223413295676,3.0
223457546240,인레이 파절,http://blog.naver.com/anatole0613/223342691039,1.0
223457546240,인레이 파절,http://blog.naver.com/daradentistry/223365081841,2.0
223457546240,인레이 파절,http://blog.naver.com/sunnyflow/223479422150,1.0
223462135488,어른 유치,http://blog.naver.com/opendent_/223439212914,1.0
223462135488,어른 유치,http://blog.naver.com/opendent_/223439212914,1.0
223462135488,어른 유치,http://blog.naver.com/opendent_/223439212914,2.0
223462135488,어른 유치,http://blog.naver.com/uprightdental/222555135622,1.0
223462135488,어른 유치,http://blog.naver.com/opendent_/223439212914,3.0
223462135488,어른 유치,http://blog.naver.com/opendent_/223439212914,3.0
223462135488,어른 유치,http://blog.naver.com/uprightdental/222555135622,1.0
223462135488,어른 유치,http://blog.naver.com/sam_dentalclinic/222948796993,2.0
223462135488,어른 유치,http://blog.naver.com/opendent_/223439212914,1.0
223462135488,어른 유치,http://blog.naver.com/seoul_el/222824188082,2.0
223462135488,어른 유치,http://blog.naver.com/opendent_/223439212914,1.0
223462135488,어른 유치,http://blog.naver.com/bgdental88/223700100470,1.0
223462135488,어른 유치,http://blog.naver.com/myden0/222953113933,2.0
223462135488,어른 유치,http://blog.naver.com/bgdental88/223700100470,1.0
223462135488,어른 유치,http://blog.naver.com/myden0/222953113933,3.0
223462135488,어른 유치,http://blog.naver.com/bgdental88/223700100470,1.0
223462135488,어른 유치,http://blog.naver.com/bgdental88/223700100470,1.0
223462135488,어른 유치,http://blog.naver.com/bgdental88/223700100470,1.0
223462135488,어른 유치,http://blog.naver.com/opendent_/223439212914,3.0
223462135488,어른 유치,http://blog.naver.com/bgdental88/223700100470,1.0
223469003670,동탄 보존과,http://blog.naver.com/austinmarie/223482023627,2.0
223486986872,iarpd,http://blog.naver.com/omskhs/223343448123,2.0
223486986872,iarpd,http://blog.naver.com/minplus4/223394761477,1.0
223486986872,iarpd,http://blog.naver.com/dental_sajeon/223510436243,1.0
223486986872,iarpd,http://blog.naver.com/minplus4/223394761477,2.0
223486986872,iarpd,http://blog.naver.com/dental_sajeon/223510436243,1.0
223486986872,iarpd,http://blog.naver.com/jinsimplant/223677143285,2.0
223486986872,iarpd,http://blog.naver.com/yoondentalclinic/223688364608,3.0
223486986872,iarpd,http://blog.naver.com/ejprinces321/223359285640,2.0
223486986872,iarpd,http://blog.naver.com/jinsimplant/223677143285,1.0
223507701785,깨진 이,http://blog.naver.com/ysdoldam/223548343619,2.0
223507701785,깨진 이,http://blog.naver.com/dent9660xnaud/223222371693,3.0
223553485165,상악동 거상술,http://blog.naver.com/ocdental/223396978789,3.0
223553485165,상악동 거상술,http://blog.naver.com/hangroo11/223427992808,1.0
223553485165,상악동 거상술,http://blog.naver.com/hangroo11/223427992808,1.0
223553485165,상악동 거상술,http://blog.naver.com/bargaain7630/223573302539,2.0
223553485165,상악동 거상술,http://blog.naver.com/ocdental/223396978789,3.0
223553485165,상악동 거상술,http://blog.naver.com/bargaain7630/223573302539,3.0
223553485165,상악동 거상술,http://blog.naver.com/hangroo11/223427992808,1.0
223553485165,상악동 거상술,http://blog.naver.com/fantasistah/223618232973,2.0
223553485165,상악동 거상술,http://blog.naver.com/allcarelime/223639384193,3.0
223553485165,상악동 거상술,http://blog.naver.com/mylife2879/223402693471,1.0
223553485165,상악동 거상술,http://blog.naver.com/hangroomapo/223649651848,2.0
223553485165,상악동 거상술,http://blog.naver.com/hangroomapo/223649651848,2.0
223553485165,상악동 거상술,http://blog.naver.com/mylife2879/223402693471,1.0
223553485165,상악동 거상술,http://blog.naver.com/diamond_rang/223445336473,3.0
223556089501,틀니 의료보험,http://blog.naver.com/barumdental6000/223469925232,1.0
223556089501,틀니 의료보험,http://blog.naver.com/barumdental6000/223469925232,1.0
223556089501,틀니 의료보험,http://blog.naver.com/barumdental6000/223469925232,1.0
223556089501,틀니 의료보험,http://blog.naver.com/luckybora87/223621334774,3.0
223577753077,이가 깨졌어요,http://blog.naver.com/bibibit2020/223554876372,1.0
223577753077,이가 깨졌어요,http://blog.naver.com/bibibit2020/223554876372,2.0
223577753077,이가 깨졌어요,http://blog.naver.com/bibibit2020/223554876372,1.0
223577753077,이가 깨졌어요,http://blog.naver.com/bibibit2020/223554876372,2.0
223577753077,이가 깨졌어요,http://blog.naver.com/bibibit2020/223554876372,2.0
223577753077,이가 깨졌어요,http://blog.naver.com/okgyerodem7/223756514730,3.0
223577753077,이가 깨졌어요,http://blog.naver.com/bibibit2020/223554876372,2.0
223577753077,이가 깨졌어요,http://blog.naver.com/mate10184/223783398510,1.0
223577753077,이가 깨졌어요,http://blog.naver.com/megaplanthj/223660393246,3.0
223577753077,이가 깨졌어요,http://blog.naver.com/bibibit2020/223554876372,2.0
223580589189,아래 어금니 발치,http://blog.naver.com/poev3491/223379934833,1.0
223598756784,교정 앞니 흔들림,http://blog.naver.com/lhy9024/223050679711,2.0
223598756784,교정 앞니 흔들림,http://blog.naver.com/seoulclear_ap/223316546680,1.0
223598756784,교정 앞니 흔들림,http://blog.naver.com/seoulclear_ap/223316546680,1.0
223619831819,치아 브릿지 교체,http://blog.naver.com/sunnyflow/223558292657,2.0
223619831819,치아 브릿지 교체,http://blog.naver.com/likedental/223518437040,1.0
223619831819,치아 브릿지 교체,http://blog.naver.com/ysnamkisedental/223634770336,2.0
223619831819,치아 브릿지 교체,http://blog.naver.com/thelifedc866/223427492432,2.0
223619831819,치아 브릿지 교체,http://blog.naver.com/ucdental2875/223678796448,3.0
223619831819,치아 브릿지 교체,http://blog.naver.com/thelifedc866/223427492432,2.0
223619831819,치아 브릿지 교체,http://blog.naver.com/thelifedc866/223427492432,2.0
223619831819,치아 브릿지 교체,http://blog.naver.com/ucdental2875/223678796448,3.0
223619831819,치아 브릿지 교체,http://blog.naver.com/ucdental2875/223678796448,2.0
223619831819,치아 브릿지 교체,http://blog.naver.com/thelifedc866/223427492432,1.0
223619831819,치아 브릿지 교체,http://blog.naver.com/spriner/223786275391,3.0
223619831819,치아 브릿지 교체,http://blog.naver.com/thelifedc866/223427492432,2.0
223619831819,치아 브릿지 교체,http://blog.naver.com/spriner/223786275391,1.0
223619831819,치아 브릿지 교체,http://blog.naver.com/ucdental2875/223678796448,3.0
223619831819,치아 브릿지 교체,http://blog.naver.com/thelifedc866/223427492432,2.0
223619831819,치아 브릿지 교체,http://blog.naver.com/spriner/223786275391,1.0
223619831819,치아 브릿지 교체,http://blog.naver.com/ysansim/223865439059,3.0
223620072636,동탄 라미네이트,http://blog.naver.com/morelovedental2/223453318262,2.0
223620072636,동탄 라미네이트,http://blog.naver.com/ysgo287555/223557035701,1.0
223620072636,동탄 라미네이트,http://blog.naver.com/seoullamiplant/223619961900,2.0
223620072636,동탄 라미네이트,http://blog.naver.com/ysgo287555/223557035701,1.0
223623932986,치과 엔도,http://blog.naver.com/sdfgsdgbcx62/223616124980,3.0
223623932986,치과 엔도,http://blog.naver.com/365_ssplant/223631486810,2.0
223623932986,치과 엔도,http://blog.naver.com/365_ssplant/223631486810,1.0
223623932986,치과 엔도,http://blog.naver.com/seoulbarundt/221772505161,3.0
223623932986,치과 엔도,http://blog.naver.com/365_ssplant/223631486810,3.0
223623932986,치과 엔도,http://blog.naver.com/raondent2875/223717706196,1.0
223623932986,치과 엔도,http://blog.naver.com/raondent2875/223717706196,2.0
223623932986,치과 엔도,http://blog.naver.com/eutteumdc/223737133671,3.0
223627571544,치아 옆면 충치,http://blog.naver.com/implineyi/223456174368,2.0
223627571544,치아 옆면 충치,http://blog.naver.com/leeks9095/223476207996,3.0
223627571544,치아 옆면 충치,http://blog.naver.com/asungdb/223408948756,1.0
223627571544,치아 옆면 충치,http://blog.naver.com/leeks9095/223476207996,1.0
223627571544,치아 옆면 충치,http://blog.naver.com/asungdb/223408948756,3.0
223627571544,치아 옆면 충치,http://blog.naver.com/onlyonej/223495738991,2.0
223627571544,치아 옆면 충치,http://blog.naver.com/medifore0577/223569663367,2.0
223627571544,치아 옆면 충치,http://blog.naver.com/leeks9095/223476207996,3.0
223627571544,치아 옆면 충치,http://blog.naver.com/whgdmsthatl365/223378955846,1.0
223627571544,치아 옆면 충치,http://blog.naver.com/medifore0577/223569663367,2.0
223627571544,치아 옆면 충치,http://blog.naver.com/leestrada11/221108058238,3.0
223627571544,치아 옆면 충치,http://blog.naver.com/onlyonej/223495738991,1.0
223627571544,치아 옆면 충치,http://blog.naver.com/raondent2875/223294397755,3.0
223627571544,치아 옆면 충치,http://blog.naver.com/onlyonej/223495738991,1.0
223627571544,치아 옆면 충치,http://blog.naver.com/leeks9095/223476207996,2.0
223627571544,치아 옆면 충치,http://blog.naver.com/onlyonej/223495738991,3.0
223627571544,치아 옆면 충치,http://blog.naver.com/jbdental2/223661374288,2.0
223627571544,치아 옆면 충치,http://blog.naver.com/leeks9095/223476207996,1.0
223627571544,치아 옆면 충치,http://blog.naver.com/yesdentalclinic/223810997124,3.0
223627571544,치아 옆면 충치,http://blog.naver.com/leeks9095/223476207996,1.0
223627571544,치아 옆면 충치,http://blog.naver.com/jbdental2/223661374288,2.0
223627571544,치아 옆면 충치,http://blog.naver.com/yesdentalclinic/223810997124,3.0
223627571544,치아 옆면 충치,http://blog.naver.com/jbdental2/223661374288,2.0
223627571544,치아 옆면 충치,http://blog.naver.com/leeks9095/223476207996,1.0
223627571544,치아 옆면 충치,http://blog.naver.com/jbdental2/223661374288,3.0
223627571544,치아 옆면 충치,http://blog.naver.com/leeks9095/223476207996,2.0
223627571544,치아 옆면 충치,http://blog.naver.com/verysia/223875819329,1.0
223629030784,앞니 깨짐,http://blog.naver.com/tlswkdel/223584374368,2.0
223629030784,앞니 깨짐,http://blog.naver.com/my_provence/223567825411,1.0
223629030784,앞니 깨짐,http://blog.naver.com/sunnyflow/223620384486,2.0
223629030784,앞니 깨짐,http://blog.naver.com/flyingkdg/223470761827,3.0
223629030784,앞니 깨짐,http://blog.naver.com/ysnamkisedental/223644800078,1.0
223630259710,신경치료 후 잇몸 변색,http://blog.naver.com/8s6ttr/223857698130,2.0
223630259710,신경치료 후 잇몸 변색,http://blog.naver.com/ampr12/223830755260,2.0
223630259710,신경치료 후 잇몸 변색,http://blog.naver.com/highendcase/223441901452,3.0
223633437760,잇몸퇴축 임플란트,http://blog.naver.com/cdhnation/223763838296,2.0
223633437760,잇몸퇴축 임플란트,http://blog.naver.com/seoul_el/223736276950,1.0
223633437760,잇몸퇴축 임플란트,http://blog.naver.com/seoul_el/223736276950,1.0
223633437760,잇몸퇴축 임플란트,http://blog.naver.com/cdhnation/223763838296,1.0
223639488509,인레이 과정,http://blog.naver.com/dentalsnow/223619496538,1.0
223639488509,인레이 과정,http://blog.naver.com/gkdkrlwkrl2/223555766835,2.0
223639488509,인레이 과정,http://blog.naver.com/ethinkdent1/223832956214,2.0
223639488509,인레이 과정,http://blog.naver.com/barundent2017/223801126420,1.0
223642862146,인레이 속 충치,http://blog.naver.com/jieumdent/223687545222,1.0
223642862146,인레이 속 충치,http://blog.naver.com/jieumdent/223687545222,1.0
223646411050,흔들리는 치아 신경치료,http://blog.naver.com/jung_denti/223272926843,2.0
223646411050,흔들리는 치아 신경치료,http://blog.naver.com/greenscout90/223420898955,3.0
223646411050,흔들리는 치아 신경치료,http://blog.naver.com/ysdent21/223696887382,1.0
223646411050,흔들리는 치아 신경치료,http://blog.naver.com/greenscout90/223420898955,3.0
223646411050,흔들리는 치아 신경치료,http://blog.naver.com/ysdent21/223696887382,2.0
223646411050,흔들리는 치아 신경치료,http://blog.naver.com/ysdent21/223696887382,1.0
223646411050,흔들리는 치아 신경치료,http://blog.naver.com/huplus2828/223203521938,3.0
223646411050,흔들리는 치아 신경치료,http://blog.naver.com/orsaydent/223775275327,2.0
223646411050,흔들리는 치아 신경치료,http://blog.naver.com/huplus2828/223203521938,2.0
223646411050,흔들리는 치아 신경치료,http://blog.naver.com/orsaydent/223775275327,3.0
223646411050,흔들리는 치아 신경치료,http://blog.naver.com/ysdent21/223696887382,1.0
223646411050,흔들리는 치아 신경치료,http://blog.naver.com/ysdent21/223696887382,1.0
223646411050,흔들리는 치아 신경치료,http://blog.naver.com/huplus2828/223203521938,2.0
223655729530,치수괴사,http://blog.naver.com/geolpotop/223254470525,2.0
223655729530,치수괴사,http://blog.naver.com/yoonnam220/223452187895,1.0
223655729530,치수괴사,http://blog.naver.com/sosa2275/222641332903,3.0
223655729530,치수괴사,http://blog.naver.com/onlyonej/223328512744,1.0
223655729530,치수괴사,http://blog.naver.com/geolpotop/223254470525,3.0
223655729530,치수괴사,http://blog.naver.com/abledental02/223487031776,2.0
223655729530,치수괴사,http://blog.naver.com/abledental02/223175044241,1.0
223655729530,치수괴사,http://blog.naver.com/smileplantdc/222643563153,2.0
223655729530,치수괴사,http://blog.naver.com/babaortho/223110681986,3.0
223655729530,치수괴사,http://blog.naver.com/abledental02/223175044241,1.0
223655729530,치수괴사,http://blog.naver.com/insc1165/223728934163,2.0
223655729530,치수괴사,http://blog.naver.com/uldental/223326249746,1.0
223655729530,치수괴사,http://blog.naver.com/uldental/223330190447,3.0
223660476078,아랫니 브릿지,http://blog.naver.com/dentalbeing/222984776801,2.0
223660476078,아랫니 브릿지,http://blog.naver.com/dlskadne1/222754200247,3.0
223660476078,아랫니 브릿지,http://blog.naver.com/dentalbeing/222984776801,1.0
223660476078,아랫니 브릿지,http://blog.naver.com/dentalbeing/222984776801,3.0
223660476078,아랫니 브릿지,http://blog.naver.com/fantasistah/222490154132,2.0
223660476078,아랫니 브릿지,http://blog.naver.com/onedayclinic_/223766729054,1.0
223660476078,아랫니 브릿지,http://blog.naver.com/onedayclinic_/223766729054,1.0
223660476078,아랫니 브릿지,http://blog.naver.com/onedayclinic_/223766729054,1.0
223660476078,아랫니 브릿지,http://blog.naver.com/onedayclinic_/223766729054,1.0
223667579753,앞니 신경치료 후 통증,http://blog.naver.com/dent2019/222024556398,2.0
223667579753,앞니 신경치료 후 통증,http://blog.naver.com/myden0/222875109572,1.0
223667579753,앞니 신경치료 후 통증,http://blog.naver.com/onaonam2815/223570925901,3.0
223667579753,앞니 신경치료 후 통증,http://blog.naver.com/onaonam2815/223570925901,2.0
223667579753,앞니 신경치료 후 통증,http://blog.naver.com/myden0/222875109572,1.0
223667579753,앞니 신경치료 후 통증,http://blog.naver.com/seoulbbans/223713971948,3.0
223667579753,앞니 신경치료 후 통증,http://blog.naver.com/myden0/222875109572,1.0
223667579753,앞니 신경치료 후 통증,http://blog.naver.com/onaonam2815/223570925901,2.0
223667579753,앞니 신경치료 후 통증,http://blog.naver.com/hiofn031/223757929203,2.0
223667579753,앞니 신경치료 후 통증,http://blog.naver.com/onaonam2815/223570925901,1.0
223682403570,어금니 레진 깨짐,http://blog.naver.com/ship10416/223691219754,3.0
223682403570,어금니 레진 깨짐,http://blog.naver.com/leeks9095/223634681931,1.0
223682403570,어금니 레진 깨짐,http://blog.naver.com/doctorbaesh1/223705725215,2.0
223682403570,어금니 레진 깨짐,http://blog.naver.com/leeks9095/223634681931,1.0
223682403570,어금니 레진 깨짐,http://blog.naver.com/leeks9095/223634681931,1.0
223682403570,어금니 레진 깨짐,http://blog.naver.com/likedental/223746426932,2.0
223682403570,어금니 레진 깨짐,http://blog.naver.com/likedental/223746426932,1.0
223682403570,어금니 레진 깨짐,http://blog.naver.com/6530000grand/223825969748,3.0
223682403570,어금니 레진 깨짐,http://blog.naver.com/leeks9095/223634681931,2.0
223682403570,어금니 레진 깨짐,http://blog.naver.com/doctorbaesh/223716253720,1.0
223682403570,어금니 레진 깨짐,http://blog.naver.com/cjh1124410/223842025724,2.0
223682403570,어금니 레진 깨짐,http://blog.naver.com/6530000grand/223825969748,3.0
223684387892,신경치료 후 염증,http://blog.naver.com/ilsantopdental/223551819015,1.0
223684387892,신경치료 후 염증,http://blog.naver.com/onlyonej/223604799198,3.0
223684387892,신경치료 후 염증,http://blog.naver.com/onlyonej/223676418020,3.0
223684387892,신경치료 후 염증,http://blog.naver.com/jjongk1011/223661303304,1.0
223684387892,신경치료 후 염증,http://blog.naver.com/ystodaydental/223676210531,2.0
223684387892,신경치료 후 염증,http://blog.naver.com/highendcase/223755878515,3.0
223684387892,신경치료 후 염증,http://blog.naver.com/jjongk1011/223661303304,1.0
223684387892,신경치료 후 염증,http://blog.naver.com/feeldental2080/223760458372,1.0
223684387892,신경치료 후 염증,http://blog.naver.com/yyseo09/223610230312,3.0
223692083052,크라운 잇몸 내려앉음,http://blog.naver.com/hdy2569/220935393372,1.0
223692083052,크라운 잇몸 내려앉음,http://blog.naver.com/ucdentalclinic/222219530176,1.0
223692083052,크라운 잇몸 내려앉음,http://blog.naver.com/hdy2569/220935393372,1.0
223692083052,크라운 잇몸 내려앉음,http://blog.naver.com/tiranoseven/223723600647,2.0
223692083052,크라운 잇몸 내려앉음,http://blog.naver.com/flyingkdg/223277542972,3.0
223692083052,크라운 잇몸 내려앉음,http://blog.naver.com/seoul_den/223185963166,2.0
223692083052,크라운 잇몸 내려앉음,http://blog.naver.com/flyingkdg/223277542972,3.0
223692083052,크라운 잇몸 내려앉음,http://blog.naver.com/ytgyyh/223756744697,1.0
223700009046,어금니 사이 충치,http://blog.naver.com/homeplant/223649197338,3.0
223700009046,어금니 사이 충치,http://blog.naver.com/vegandentist/223423227568,2.0
223700009046,어금니 사이 충치,http://blog.naver.com/likedental/223668725041,1.0
223700009046,어금니 사이 충치,http://blog.naver.com/likedental/223668725041,1.0
223700009046,어금니 사이 충치,http://blog.naver.com/onlyonej/223300887583,2.0
223700009046,어금니 사이 충치,http://blog.naver.com/likedental/223746426932,2.0
223700009046,어금니 사이 충치,http://blog.naver.com/dent2500/223736841799,1.0
223700009046,어금니 사이 충치,http://blog.naver.com/jieumdent/223763539725,3.0
223700009046,어금니 사이 충치,http://blog.naver.com/jieumdent/223763539725,2.0
223700009046,어금니 사이 충치,http://blog.naver.com/homeplant/223543852165,1.0
223704336524,어금니 충치 레진,http://blog.naver.com/tldusdbs12/223331249388,2.0
223704336524,어금니 충치 레진,http://blog.naver.com/seoulsmart1/223676141849,1.0
223704336524,어금니 충치 레진,http://blog.naver.com/likedental/223500199050,3.0
223704336524,어금니 충치 레진,http://blog.naver.com/likedental/223500199050,3.0
223704336524,어금니 충치 레진,http://blog.naver.com/dentigo00/223666183972,2.0
223704336524,어금니 충치 레진,http://blog.naver.com/wisdomdent/223710418448,1.0
223704336524,어금니 충치 레진,http://blog.naver.com/choilee_dent/223748412947,3.0
223704336524,어금니 충치 레진,http://blog.naver.com/wisdomdent/223710418448,2.0
223704336524,어금니 충치 레진,http://blog.naver.com/ucdental2875/223759115763,1.0
223704336524,어금니 충치 레진,http://blog.naver.com/barundent2017/223564084767,2.0
223704336524,어금니 충치 레진,http://blog.naver.com/bodaholic/223842487880,3.0
223704336524,어금니 충치 레진,http://blog.naver.com/missruby04/223814627788,1.0
223707076590,앞니 잇몸 통증,http://blog.naver.com/heyu1012/223683534755,3.0
223707076590,앞니 잇몸 통증,http://blog.naver.com/seoul_den/223520419770,1.0
223707076590,앞니 잇몸 통증,http://blog.naver.com/dreamperio1/223627823847,2.0
223707076590,앞니 잇몸 통증,http://blog.naver.com/cjh1124410/223711186151,1.0
223707076590,앞니 잇몸 통증,http://blog.naver.com/heyu1012/223683534755,3.0
223707076590,앞니 잇몸 통증,http://blog.naver.com/seoul_den/223520419770,2.0
223707076590,앞니 잇몸 통증,http://blog.naver.com/cjh1124410/223711186151,1.0
223707076590,앞니 잇몸 통증,http://blog.naver.com/seoul_den/223520419770,2.0
223707076590,앞니 잇몸 통증,http://blog.naver.com/soogi123/223757773982,3.0
223707076590,앞니 잇몸 통증,http://blog.naver.com/seoul_den/223520419770,3.0
223707076590,앞니 잇몸 통증,http://blog.naver.com/soogi123/223757773982,2.0
223707076590,앞니 잇몸 통증,http://blog.naver.com/cjh1124410/223711186151,1.0
223713604505,오버덴쳐,http://blog.naver.com/zangdak81/223451705297,1.0
223713604505,오버덴쳐,http://blog.naver.com/dentistpky/223407458396,3.0
223713604505,오버덴쳐,http://blog.naver.com/xsfirmmype/223435387171,2.0
223713604505,오버덴쳐,http://blog.naver.com/dears_jw/223623127617,3.0
223713604505,오버덴쳐,http://blog.naver.com/ucdental2875/223693308912,1.0
223713604505,오버덴쳐,http://blog.naver.com/buydea/223718837284,1.0
223713604505,오버덴쳐,http://blog.naver.com/michelan2012/223747602017,3.0
223713604505,오버덴쳐,http://blog.naver.com/ucdental2875/223693308912,2.0
223713604505,오버덴쳐,http://blog.naver.com/suseongibdent/223693400047,3.0
223713604505,오버덴쳐,http://blog.naver.com/buydea/223718837284,1.0
223713604505,오버덴쳐,http://blog.naver.com/dent_hoon/223804489518,2.0
223713604505,오버덴쳐,http://blog.naver.com/ucdental2875/223693308912,3.0
223713604505,오버덴쳐,http://blog.naver.com/dent_hoon/223804489518,3.0
223713604505,오버덴쳐,http://blog.naver.com/ucdental2875/223693308912,1.0
223717371151,치수복조술,http://blog.naver.com/homeplant/223178286490,1.0
223717371151,치수복조술,http://blog.naver.com/eroumdent7575/223712407074,2.0
223717371151,치수복조술,http://blog.naver.com/dentistpky/223466600541,2.0
223717371151,치수복조술,http://blog.naver.com/eroumdent7575/223712407074,3.0
223717371151,치수복조술,http://blog.naver.com/homeplant/223178286490,1.0
223717371151,치수복조술,http://blog.naver.com/homeplant/223288338462,2.0
223717371151,치수복조술,http://blog.naver.com/dentistpky/223466600541,3.0
223717371151,치수복조술,http://blog.naver.com/homeplant/223178286490,1.0
223717371151,치수복조술,http://blog.naver.com/homeplant/223178286490,1.0
223717371151,치수복조술,http://blog.naver.com/ysjuan/223516095324,2.0
223717371151,치수복조술,http://blog.naver.com/eroumdent7575/223834256802,3.0
223724665134,앞니 신경치료 후 변색,http://blog.naver.com/barundent2017/223552051157,1.0
223724665134,앞니 신경치료 후 변색,http://blog.naver.com/likedental/223755583597,1.0
223724665134,앞니 신경치료 후 변색,http://blog.naver.com/barundent2017/223552051157,2.0
223726806244,어금니 잇몸 퇴축,http://blog.naver.com/dentbusik/223677358561,1.0
223732797065,내려간 잇몸,http://blog.naver.com/onaonam2815/223598788885,2.0
223732797065,내려간 잇몸,http://blog.naver.com/toporth/223293325553,3.0
223732797065,내려간 잇몸,http://blog.naver.com/seoul_den/223573701973,3.0
223732797065,내려간 잇몸,http://blog.naver.com/onaonam2815/223598788885,1.0
223732797065,내려간 잇몸,http://blog.naver.com/ansim0102/223448289078,3.0
223732797065,내려간 잇몸,http://blog.naver.com/ansim0102/223448289078,2.0
223732797065,내려간 잇몸,http://blog.naver.com/365jaju/223799511806,3.0
223732797065,내려간 잇몸,http://blog.naver.com/onaonam2815/223598788885,1.0
223732797065,내려간 잇몸,http://blog.naver.com/indentist/223832506291,1.0
223732797065,내려간 잇몸,http://blog.naver.com/onaonam2815/223598788885,2.0
223732797065,내려간 잇몸,http://blog.naver.com/toporth/223293325553,3.0
223733898487,앞니 벌어짐,http://blog.naver.com/sunnyflow/223725549149,3.0
223733898487,앞니 벌어짐,http://blog.naver.com/homeplant/223479420579,1.0
223733898487,앞니 벌어짐,http://blog.naver.com/homeplant/223479420579,1.0
223733898487,앞니 벌어짐,http://blog.naver.com/oia_87/223769678773,3.0
223733898487,앞니 벌어짐,http://blog.naver.com/ucdental2875/223793200640,2.0
223733898487,앞니 벌어짐,http://blog.naver.com/homeplant/223479420579,1.0
223733898487,앞니 벌어짐,http://blog.naver.com/ucdental2875/223793200640,2.0
223733898487,앞니 벌어짐,http://blog.naver.com/granddental/223607337604,3.0
223733898487,앞니 벌어짐,http://blog.naver.com/ucdental2875/223793200640,2.0
223733898487,앞니 벌어짐,http://blog.naver.com/granddental/223607337604,1.0
223733898487,앞니 벌어짐,http://blog.naver.com/jsmalltesto298/223859933119,3.0
223733898487,앞니 벌어짐,http://blog.naver.com/granddental/223607337604,2.0
223733898487,앞니 벌어짐,http://blog.naver.com/sunnyflow/223896837690,1.0
223736985385,앞니 신경치료,http://blog.naver.com/seoul_den/223520419770,3.0
223736985385,앞니 신경치료,http://blog.naver.com/fantasistah/223532118572,2.0
223736985385,앞니 신경치료,http://blog.naver.com/seoul_den/223563002187,1.0
223736985385,앞니 신경치료,http://blog.naver.com/sunnyflow/223661626659,2.0
223736985385,앞니 신경치료,http://blog.naver.com/seoul_den/223651364010,1.0
223736985385,앞니 신경치료,http://blog.naver.com/seoul_den/223563002187,3.0
223736985385,앞니 신경치료,http://blog.naver.com/a18032/223766403010,3.0
223736985385,앞니 신경치료,http://blog.naver.com/fantasistah/223717550635,1.0
223736985385,앞니 신경치료,http://blog.naver.com/seoul_den/223686589189,2.0
223736985385,앞니 신경치료,http://blog.naver.com/fantasistah/223771608574,1.0
223736985385,앞니 신경치료,http://blog.naver.com/a18032/223766403010,3.0
223736985385,앞니 신경치료,http://blog.naver.com/seoul_den/223686589189,2.0
223747165682,치과 엔도,http://blog.naver.com/sdfgsdgbcx62/223616124980,3.0
223747165682,치과 엔도,http://blog.naver.com/365_ssplant/223631486810,2.0
223747165682,치과 엔도,http://blog.naver.com/365_ssplant/223631486810,1.0
223747165682,치과 엔도,http://blog.naver.com/seoulbarundt/221772505161,3.0
223747165682,치과 엔도,http://blog.naver.com/365_ssplant/223631486810,3.0
223747165682,치과 엔도,http://blog.naver.com/raondent2875/223717706196,1.0
223747165682,치과 엔도,http://blog.naver.com/raondent2875/223717706196,2.0
223747165682,치과 엔도,http://blog.naver.com/eutteumdc/223737133671,3.0
223749543549,어금니 잇몸 내려앉음,http://blog.naver.com/likedental/223598343333,2.0
223749543549,어금니 잇몸 내려앉음,http://blog.naver.com/piro1229/223438695508,1.0
223749543549,어금니 잇몸 내려앉음,http://blog.naver.com/likedental/223598343333,2.0
223749543549,어금니 잇몸 내려앉음,http://blog.naver.com/lghmink2002/223791118538,3.0
223749543549,어금니 잇몸 내려앉음,http://blog.naver.com/piro1229/223438695508,1.0
223749543549,어금니 잇몸 내려앉음,http://blog.naver.com/piro1229/223438695508,1.0
223749543549,어금니 잇몸 내려앉음,http://blog.naver.com/365jaju/223749636169,2.0
223749543549,어금니 잇몸 내려앉음,http://blog.naver.com/lghmink2002/223791118538,3.0
223749543549,어금니 잇몸 내려앉음,http://blog.naver.com/myden0/221248502832,2.0
223749543549,어금니 잇몸 내려앉음,http://blog.naver.com/365jaju/223749636169,3.0
223749543549,어금니 잇몸 내려앉음,http://blog.naver.com/piro1229/223438695508,1.0
223757805212,치근단절제술 통증,http://blog.naver.com/myden0/223235496179,2.0
223757805212,치근단절제술 통증,http://blog.naver.com/likedental/223583139261,2.0
223757805212,치근단절제술 통증,http://blog.naver.com/myden0/223235496179,3.0
223757805212,치근단절제술 통증,http://blog.naver.com/onlyonej/223542545713,3.0
223757805212,치근단절제술 통증,http://blog.naver.com/likedental/223583139261,2.0
223757805212,치근단절제술 통증,http://blog.naver.com/mmalbum/223681482836,2.0
223757805212,치근단절제술 통증,http://blog.naver.com/neo0628/223493861412,3.0
223757805212,치근단절제술 통증,http://blog.naver.com/mmalbum/223681482836,3.0
223757805212,치근단절제술 통증,http://blog.naver.com/jjinppang_0/223397295778,1.0
223757805212,치근단절제술 통증,http://blog.naver.com/neo0628/223493861412,2.0
223757805212,치근단절제술 통증,http://blog.naver.com/likedental/223583139261,3.0
223757805212,치근단절제술 통증,http://blog.naver.com/mmalbum/223779908556,1.0
223757805212,치근단절제술 통증,http://blog.naver.com/jjinppang_0/223397295778,2.0
223757805212,치근단절제술 통증,http://blog.naver.com/jjinppang_0/223397295778,1.0
223757805212,치근단절제술 통증,http://blog.naver.com/verysia/223836404523,3.0
223757805212,치근단절제술 통증,http://blog.naver.com/ysnaturedent/223833628515,2.0
223757805212,치근단절제술 통증,http://blog.naver.com/dyugyxwxj/223841908406,3.0
223757805212,치근단절제술 통증,http://blog.naver.com/verysia/223836404523,2.0
223757805212,치근단절제술 통증,http://blog.naver.com/ysnaturedent/223833628515,1.0
223757805212,치근단절제술 통증,http://blog.naver.com/beyondsh/223889766823,3.0
223757805212,치근단절제술 통증,http://blog.naver.com/ysnaturedent/223833628515,1.0
223757805212,치근단절제술 통증,http://blog.naver.com/ansim0102/223882845354,2.0
223760730069,신경치료 후 염증,http://blog.naver.com/ilsantopdental/223551819015,1.0
223760730069,신경치료 후 염증,http://blog.naver.com/onlyonej/223604799198,3.0
223760730069,신경치료 후 염증,http://blog.naver.com/onlyonej/223676418020,3.0
223760730069,신경치료 후 염증,http://blog.naver.com/jjongk1011/223661303304,1.0
223760730069,신경치료 후 염증,http://blog.naver.com/ystodaydental/223676210531,2.0
223760730069,신경치료 후 염증,http://blog.naver.com/highendcase/223755878515,3.0
223760730069,신경치료 후 염증,http://blog.naver.com/jjongk1011/223661303304,1.0
223760730069,신경치료 후 염증,http://blog.naver.com/feeldental2080/223760458372,1.0
223760730069,신경치료 후 염증,http://blog.naver.com/yyseo09/223610230312,3.0
223764799450,앞니 끝 깨짐,http://blog.naver.com/yonsei-sevdent/223451512593,1.0
223764799450,앞니 끝 깨짐,http://blog.naver.com/ojh8016/223632885511,2.0
223764799450,앞니 끝 깨짐,http://blog.naver.com/yesplant0405/223677150609,2.0
223764799450,앞니 끝 깨짐,http://blog.naver.com/joecha87/223669681191,1.0
223764799450,앞니 끝 깨짐,http://blog.naver.com/joecha87/223669681191,1.0
223764799450,앞니 끝 깨짐,http://blog.naver.com/dreamperio1/223718043906,3.0
223764799450,앞니 끝 깨짐,http://blog.naver.com/carjhr0710/223738439482,3.0
223764799450,앞니 끝 깨짐,http://blog.naver.com/joecha87/223669681191,2.0
223764799450,앞니 끝 깨짐,http://blog.naver.com/barumdental6000/223767194934,1.0
223764799450,앞니 끝 깨짐,http://blog.naver.com/rememberdental/223667383575,2.0
223764799450,앞니 끝 깨짐,http://blog.naver.com/barundent2017/223724580190,3.0
223764799450,앞니 끝 깨짐,http://blog.naver.com/ethinkdent1/223818514793,1.0
223764799450,앞니 끝 깨짐,http://blog.naver.com/barumdental6000/223767194934,2.0
223764799450,앞니 끝 깨짐,http://blog.naver.com/barundent2017/223724580190,3.0
223767379681,치외치,http://blog.naver.com/fantasistah/223435352902,2.0
223767379681,치외치,http://blog.naver.com/sunnyflow/223541235122,1.0
223767379681,치외치,http://blog.naver.com/kuhun5034/223708884237,3.0
223767379681,치외치,http://blog.naver.com/fantasistah/223435352902,3.0
223767379681,치외치,http://blog.naver.com/sunnyflow/223541235122,1.0
223767379681,치외치,http://blog.naver.com/solk7tcowmd/223794087529,2.0
223767379681,치외치,http://blog.naver.com/simple-clear1/223882302341,2.0
223767379681,치외치,http://blog.naver.com/kuhun5034/223708884237,3.0
223767379681,치외치,http://blog.naver.com/sunnyflow/223541235122,1.0
223773517706,세라믹 레진,http://blog.naver.com/leesy_8520/223609391288,1.0
223773517706,세라믹 레진,http://blog.naver.com/anatole0613/223632702484,3.0
223773517706,세라믹 레진,http://blog.naver.com/omymedis/223619369754,2.0
223773517706,세라믹 레진,http://blog.naver.com/springcalm1/223729643523,3.0
223773517706,세라믹 레진,http://blog.naver.com/dentistsale/223683145864,2.0
223773517706,세라믹 레진,http://blog.naver.com/whitedc0902/223736766818,1.0
223776270808,앞니 재신경치료,http://blog.naver.com/fantasistah/223633016287,1.0
223776270808,앞니 재신경치료,http://blog.naver.com/seoulbbans/223510827865,2.0
223776270808,앞니 재신경치료,http://blog.naver.com/onlyonej/223632399752,3.0
223776270808,앞니 재신경치료,http://blog.naver.com/daradentistry/223181566675,2.0
223776270808,앞니 재신경치료,http://blog.naver.com/honeycho_a/222276546635,1.0
223776270808,앞니 재신경치료,http://blog.naver.com/highendcase/223685165089,3.0
223776270808,앞니 재신경치료,http://blog.naver.com/myden0/223235784936,2.0
223776270808,앞니 재신경치료,http://blog.naver.com/a18032/223758170044,3.0
223776270808,앞니 재신경치료,http://blog.naver.com/artist_horang/223797291648,1.0
223776270808,앞니 재신경치료,http://blog.naver.com/nygoodmoringdc/223828578249,3.0
223776270808,앞니 재신경치료,http://blog.naver.com/artist_horang/223797291648,2.0
223776270808,앞니 재신경치료,http://blog.naver.com/fantasistah/223416032792,1.0
223776270808,앞니 재신경치료,http://blog.naver.com/fantasistah/223896094160,1.0
223776270808,앞니 재신경치료,http://blog.naver.com/nygoodmoringdc/223828578249,2.0
223776270808,앞니 재신경치료,http://blog.naver.com/fantasistah/223416032792,3.0
223786013522,치아 깨졌을때,http://blog.naver.com/comfort-dental/223757663238,1.0
223786013522,치아 깨졌을때,http://blog.naver.com/ldie7780/223748609121,3.0
223793510515,치근단형성술,http://blog.naver.com/gundentalclinic/223390946547,2.0
223793510515,치근단형성술,http://blog.naver.com/homeplant/223288169121,1.0
223793510515,치근단형성술,http://blog.naver.com/champh_dc/223299617725,2.0
223793510515,치근단형성술,http://blog.naver.com/huedent275/223276341939,3.0
223793510515,치근단형성술,http://blog.naver.com/huedent275/223276341939,2.0
223793510515,치근단형성술,http://blog.naver.com/gundentalclinic/223390946547,1.0
223793510515,치근단형성술,http://blog.naver.com/champh_dc/223299617725,3.0
223793510515,치근단형성술,http://blog.naver.com/homeplant/223288169121,2.0
223795754394,고름,http://blog.naver.com/soongni/223647906769,2.0
223795754394,고름,http://blog.naver.com/ekek9911/223670993552,1.0
223795754394,고름,http://blog.naver.com/marumi2222/223780434388,3.0
223800709422,인접면 인레이,http://blog.naver.com/jieumdent/223763539725,1.0
223800709422,인접면 인레이,http://blog.naver.com/fast2013/223618778092,3.0
223810366687,앞니 크라운 모양,http://blog.naver.com/aprodite624/223375155228,1.0
223816356433,치아 파절의 원인은 무엇인가요,http://blog.naver.com/wooritopdent/223827895708,3.0
223816356433,치아 파절의 원인은 무엇인가요,http://blog.naver.com/masterpiece2828/223516257039,1.0
223816356433,치아 파절의 원인은 무엇인가요,http://blog.naver.com/ghw412/223839684262,2.0
223821931245,치아 뿌리 고름,http://blog.naver.com/yonseinaeil/223832793162,1.0
223827530915,레진,http://blog.naver.com/kindhyun111/223338820886,3.0
223827530915,레진,http://blog.naver.com/sldental1/223117665668,1.0
223827530915,레진,http://blog.naver.com/homeplant/223388446078,2.0
223827530915,레진,http://blog.naver.com/sldental1/223117665668,3.0
223827530915,레진,http://blog.naver.com/flyingkdg/223139188545,1.0
223827530915,레진,http://blog.naver.com/sflowerden/223235524842,2.0
223829595540,잇몸에 물집,http://blog.naver.com/drlovelee/223692462974,2.0
223829595540,잇몸에 물집,http://blog.naver.com/thewise2828/223800310069,1.0
223829595540,잇몸에 물집,http://blog.naver.com/yonsei-gangnam/223825204070,3.0
223829595540,잇몸에 물집,http://blog.naver.com/tt-implant/223858758436,3.0
223829595540,잇몸에 물집,http://blog.naver.com/thewise2828/223800310069,1.0
223829595540,잇몸에 물집,http://blog.naver.com/smileplantdc/223843445829,2.0
223829595540,잇몸에 물집,http://blog.naver.com/smileplantdc/223843445829,2.0
223829595540,잇몸에 물집,http://blog.naver.com/thewise2828/223800310069,1.0
223829595540,잇몸에 물집,http://blog.naver.com/ytopdent_/223882827051,3.0
223836024559,인레이 깨짐 비용,http://blog.naver.com/maharyeong/223604077998,2.0
223836024559,인레이 깨짐 비용,http://blog.naver.com/seoulsmart1/223665939168,1.0
223836024559,인레이 깨짐 비용,http://blog.naver.com/maharyeong/223604077998,1.0
223836024559,인레이 깨짐 비용,http://blog.naver.com/ansansev2/223879339356,1.0
223855422665,수직치근파절,http://blog.naver.com/homeplant/223371626603,3.0
223855422665,수직치근파절,http://blog.naver.com/homeplant/223215509236,2.0
223855422665,수직치근파절,http://blog.naver.com/minflow7/222924492960,1.0
223855422665,수직치근파절,http://blog.naver.com/homeplant/223215509236,1.0
223855422665,수직치근파절,http://blog.naver.com/homeplant/223371626603,1.0
223855422665,수직치근파절,http://blog.naver.com/highendcase/223499340892,2.0
223855422665,수직치근파절,http://blog.naver.com/homeplant/223215509236,3.0
223855422665,수직치근파절,http://blog.naver.com/homeplant/223371626603,1.0
223855422665,수직치근파절,http://blog.naver.com/highendcase/223499340892,2.0
223855422665,수직치근파절,http://blog.naver.com/homeplant/223371626603,1.0
223855422665,수직치근파절,http://blog.naver.com/highendcase/223499340892,2.0
223855422665,수직치근파절,http://blog.naver.com/homeplant/223371626603,1.0
223855422665,수직치근파절,http://blog.naver.com/seoultheahn1/223653915632,2.0
223855422665,수직치근파절,http://blog.naver.com/homeplant/223371626603,1.0
223855422665,수직치근파절,http://blog.naver.com/joecha87/223858324862,2.0
223855422665,수직치근파절,http://blog.naver.com/ysnaturedent/223842790418,3.0
223855422665,수직치근파절,http://blog.naver.com/homeplant/223371626603,1.0
223855422665,수직치근파절,http://blog.naver.com/sikplant/223901957247,1.0
223855422665,수직치근파절,http://blog.naver.com/joecha87/223858324862,3.0
223855422665,수직치근파절,http://blog.naver.com/ysnaturedent/223842790418,2.0
223869870358,급성치수염,http://blog.naver.com/mk000122/223353281044,1.0
223869870358,급성치수염,http://blog.naver.com/wfrobnm4/223621567761,2.0
223869870358,급성치수염,http://blog.naver.com/spriner/223637992410,3.0
223869870358,급성치수염,http://blog.naver.com/3360280/223851330130,3.0
223869870358,급성치수염,http://blog.naver.com/mk000122/223353281044,2.0
223869870358,급성치수염,http://blog.naver.com/syd9898/223839789372,1.0
223875842051,치수복조,http://blog.naver.com/lmh974300/223860139523,2.0
223875842051,치수복조,http://blog.naver.com/nygoodmoringdc/223819835337,3.0
223875842051,치수복조,http://blog.naver.com/homeplant/223754085172,1.0
223875842051,치수복조,http://blog.naver.com/homeplant/223754085172,1.0
223875842051,치수복조,http://blog.naver.com/nygoodmoringdc/223819835337,3.0
223875842051,치수복조,http://blog.naver.com/lmh974300/223860139523,2.0
223880864293,리엔도,http://blog.naver.com/yonseiseroi/223684745009,2.0
223880864293,리엔도,http://blog.naver.com/smiletodaydent/223798175278,1.0
223880864293,리엔도,http://blog.naver.com/xdbru8vq/223874238785,1.0
223883326729,앞니 사이 충치,http://blog.naver.com/skydc2080/221167568372,1.0
223883326729,앞니 사이 충치,http://blog.naver.com/ampr12/222617989778,3.0
223883326729,앞니 사이 충치,http://blog.naver.com/fantasistah/223470151626,2.0
223883326729,앞니 사이 충치,http://blog.naver.com/doctorbaesh/223795828249,3.0
223883326729,앞니 사이 충치,http://blog.naver.com/fantasistah/223812864643,1.0
223883326729,앞니 사이 충치,http://blog.naver.com/uldental/223689848219,2.0
223883326729,앞니 사이 충치,http://blog.naver.com/fantasistah/223882130661,2.0
223883326729,앞니 사이 충치,http://blog.naver.com/openminddent/223897811961,1.0
223883326729,앞니 사이 충치,http://blog.naver.com/masterpiece2828/223912508189,3.0
223894869681,apicoectomy 발음,http://blog.naver.com/moreden0701/222792362489,1.0
223911334860,세라믹 인레이,http://blog.naver.com/vegandentist/223420069593,3.0
223911334860,세라믹 인레이,http://blog.naver.com/seoul_den/223438204061,2.0
223911334860,세라믹 인레이,http://blog.naver.com/solk7tcowmd/223469821093,1.0
223911334860,세라믹 인레이,http://blog.naver.com/mylife2879/223802710883,3.0
223911334860,세라믹 인레이,http://blog.naver.com/barundent2017/223894583920,2.0
223911334860,세라믹 인레이,http://blog.naver.com/dentikay/223885186335,1.0
